datadate,fyear,datafmt,tic,epspx
12/31/15,2015,STD,ABT,1.73
12/31/16,2016,STD,ABT,0.71
12/31/17,2017,STD,ABT,0.2
12/31/18,2018,STD,ABT,1.32
12/31/19,2019,STD,ABT,2.07
12/31/20,2020,STD,ABT,2.51
12/31/21,2021,STD,ABT,3.97
12/31/22,2022,STD,ABT,3.94
12/31/23,2023,STD,ABT,3.28
12/31/24,2024,STD,ABT,7.67
12/31/15,2015,STD,AMD,-0.84
12/31/16,2016,STD,AMD,-0.6
12/31/17,2017,STD,AMD,0.04
12/31/18,2018,STD,AMD,0.34
12/31/19,2019,STD,AMD,0.31
12/31/20,2020,STD,AMD,2.1
12/31/21,2021,STD,AMD,2.61
12/31/22,2022,STD,AMD,0.85
12/31/23,2023,STD,AMD,0.53
12/31/24,2024,STD,AMD,1.01
9/30/15,2015,STD,APD,5.95
9/30/16,2016,STD,APD,7
9/30/17,2017,STD,APD,5.2
9/30/18,2018,STD,APD,6.64
9/30/19,2019,STD,APD,7.99
9/30/20,2020,STD,APD,8.59
9/30/21,2021,STD,APD,9.16
9/30/22,2022,STD,APD,10.11
9/30/23,2023,STD,APD,10.31
9/30/24,2024,STD,APD,17.27
12/31/15,2015,STD,HON,6.11
12/31/16,2016,STD,HON,6.29
12/31/17,2017,STD,HON,2.17
12/31/18,2018,STD,HON,9.1
12/31/19,2019,STD,HON,8.52
12/31/20,2020,STD,HON,6.79
12/31/21,2021,STD,HON,8.01
12/31/22,2022,STD,HON,7.33
12/31/23,2023,STD,HON,8.53
12/31/24,2024,STD,HON,8.76
12/31/15,2015,STD,HES,-10.61
12/31/16,2016,STD,HES,-19.92
12/31/17,2017,STD,HES,-13.12
12/31/18,2018,STD,HES,-1.1
12/31/19,2019,STD,HES,-1.37
12/31/20,2020,STD,HES,-10.15
12/31/21,2021,STD,HES,1.82
12/31/22,2022,STD,HES,6.8
12/31/23,2023,STD,HES,4.52
12/31/24,2024,STD,HES,9.03
12/31/15,2015,STD,AEP,3.59
12/31/16,2016,STD,AEP,1.25
12/31/17,2017,STD,AEP,3.89
12/31/18,2018,STD,AEP,3.9
12/31/19,2019,STD,AEP,3.89
12/31/20,2020,STD,AEP,4.44
12/31/21,2021,STD,AEP,4.97
12/31/22,2022,STD,AEP,4.51
12/31/23,2023,STD,AEP,4.26
12/31/24,2024,STD,AEP,5.6
12/31/15,2015,STD,AIG,1.69
12/31/16,2016,STD,AIG,-0.7
12/31/17,2017,STD,AIG,-6.54
12/31/18,2018,STD,AIG,0.04
12/31/19,2019,STD,AIG,3.74
12/31/20,2020,STD,AIG,-6.88
12/31/21,2021,STD,AIG,10.95
12/31/22,2022,STD,AIG,13.16
12/31/23,2023,STD,AIG,5.02
12/31/24,2024,STD,AIG,4.11
12/31/15,2015,STD,AMGN,9.15
12/31/16,2016,STD,AMGN,10.32
12/31/17,2017,STD,AMGN,2.71
12/31/18,2018,STD,AMGN,12.7
12/31/19,2019,STD,AMGN,12.96
12/31/20,2020,STD,AMGN,12.4
12/31/21,2021,STD,AMGN,10.34
12/31/22,2022,STD,AMGN,12.18
12/31/23,2023,STD,AMGN,12.56
12/31/24,2024,STD,AMGN,7.62
10/31/15,2015,STD,ADI,2.23
10/31/16,2016,STD,ADI,2.79
10/31/17,2017,STD,ADI,2.09
10/31/18,2018,STD,ADI,4.02
10/31/19,2019,STD,ADI,3.68
10/31/20,2020,STD,ADI,3.31
10/31/21,2021,STD,ADI,3.5
10/31/22,2022,STD,ADI,5.29
10/31/23,2023,STD,ADI,6.6
10/31/24,2024,STD,ADI,3.3
9/30/15,2015,STD,AAPL,9.28
9/30/16,2016,STD,AAPL,8.35
9/30/17,2017,STD,AAPL,9.27
9/30/18,2018,STD,AAPL,12.01
9/30/19,2019,STD,AAPL,11.97
9/30/20,2020,STD,AAPL,3.31
9/30/21,2021,STD,AAPL,5.67
9/30/22,2022,STD,AAPL,6.15
9/30/23,2023,STD,AAPL,6.16
9/30/24,2024,STD,AAPL,6.11
10/31/15,2015,STD,AMAT,1.13
10/31/16,2016,STD,AMAT,1.56
10/31/17,2017,STD,AMAT,3.2
10/31/18,2018,STD,AMAT,3.27
10/31/19,2019,STD,AMAT,2.89
10/31/20,2020,STD,AMAT,3.95
10/31/21,2021,STD,AMAT,6.47
10/31/22,2022,STD,AMAT,7.49
10/31/23,2023,STD,AMAT,8.16
10/31/24,2024,STD,AMAT,8.68
1/31/15,2014,STD,ADSK,0.36
1/31/16,2015,STD,ADSK,-1.46
1/31/17,2016,STD,ADSK,-2.61
1/31/18,2017,STD,ADSK,-2.58
1/31/19,2018,STD,ADSK,-0.37
1/31/20,2019,STD,ADSK,0.98
1/31/21,2020,STD,ADSK,5.51
1/31/22,2021,STD,ADSK,2.26
1/31/23,2022,STD,ADSK,3.81
1/31/24,2023,STD,ADSK,4.23
6/30/15,2015,STD,ADP,2.91
6/30/16,2016,STD,ADP,3.27
6/30/17,2017,STD,ADP,3.87
6/30/18,2018,STD,ADP,3.68
6/30/19,2019,STD,ADP,5.27
6/30/20,2020,STD,ADP,5.73
6/30/21,2021,STD,ADP,6.1
6/30/22,2022,STD,ADP,7.04
6/30/23,2023,STD,ADP,8.25
6/30/24,2024,STD,ADP,9.14
12/31/15,2015,STD,BAX,0.72
12/31/16,2016,STD,BAX,9.1
12/31/17,2017,STD,BAX,1.33
12/31/18,2018,STD,BAX,3.05
12/31/19,2019,STD,BAX,1.97
12/31/20,2020,STD,BAX,2.17
12/31/21,2021,STD,BAX,2.56
12/31/22,2022,STD,BAX,-4.83
12/31/23,2023,STD,BAX,-0.15
12/31/24,2024,STD,BAX,-0.64
12/31/15,2015,STD,VZ,4.38
12/31/16,2016,STD,VZ,3.22
12/31/17,2017,STD,VZ,7.37
12/31/18,2018,STD,VZ,3.76
12/31/19,2019,STD,VZ,4.66
12/31/20,2020,STD,VZ,4.3
12/31/21,2021,STD,VZ,5.32
12/31/22,2022,STD,VZ,5.06
12/31/23,2023,STD,VZ,2.76
12/31/24,2024,STD,VZ,4.15
12/31/15,2015,STD,BRK.B,9.77
12/31/16,2016,STD,BRK.B,9.76
12/31/17,2017,STD,BRK.B,18.22
12/31/18,2018,STD,BRK.B,1.63
12/31/19,2019,STD,BRK.B,33.22
12/31/20,2020,STD,BRK.B,17.78
12/31/21,2021,STD,BRK.B,39.64
12/31/22,2022,STD,BRK.B,-10.36
12/31/23,2023,STD,BRK.B,44.27
12/31/24,2024,STD,BRK.B,41.27
12/31/15,2015,STD,BMY,0.94
12/31/16,2016,STD,BMY,2.67
12/31/17,2017,STD,BMY,0.61
12/31/18,2018,STD,BMY,3.01
12/31/19,2019,STD,BMY,2.02
12/31/20,2020,STD,BMY,-3.99
12/31/21,2021,STD,BMY,3.15
12/31/22,2022,STD,BMY,2.97
12/31/23,2023,STD,BMY,3.88
12/31/24,2024,STD,BMY,-4.41
4/30/15,2014,STD,BF.B,3.23
4/30/16,2015,STD,BF.B,5.26
4/30/17,2016,STD,BF.B,1.72
4/30/18,2017,STD,BF.B,1.49
4/30/19,2018,STD,BF.B,1.74
4/30/20,2019,STD,BF.B,1.73
4/30/21,2020,STD,BF.B,1.89
4/30/22,2021,STD,BF.B,1.75
4/30/23,2022,STD,BF.B,1.63
4/30/24,2023,STD,BF.B,2.15
12/31/15,2015,STD,CI,8.17
12/31/16,2016,STD,CI,7.31
12/31/17,2017,STD,CI,8.92
12/31/18,2018,STD,CI,10.69
12/31/19,2019,STD,CI,13.58
12/31/20,2020,STD,CI,23.17
12/31/21,2021,STD,CI,15.87
12/31/22,2022,STD,CI,21.54
12/31/23,2023,STD,CI,17.57
12/31/24,2024,STD,CI,12.25
2/28/15,2014,STD,STZ,4.35
2/29/16,2015,STD,STZ,5.36
2/28/17,2016,STD,STZ,7.7
2/28/18,2017,STD,STZ,11.9
2/28/19,2018,STD,STZ,18.03
2/29/20,2019,STD,STZ,-0.06
2/28/21,2020,STD,STZ,10.32
2/28/22,2021,STD,STZ,-0.21
2/28/23,2022,STD,STZ,-0.37
2/29/24,2023,STD,STZ,9.42
12/31/15,2015,STD,CAT,3.54
12/31/16,2016,STD,CAT,-0.11
12/31/17,2017,STD,CAT,1.27
12/31/18,2018,STD,CAT,10.39
12/31/19,2019,STD,CAT,10.85
12/31/20,2020,STD,CAT,5.51
12/31/21,2021,STD,CAT,11.93
12/31/22,2022,STD,CAT,12.72
12/31/23,2023,STD,CAT,20.24
12/31/24,2024,STD,CAT,22.17
12/31/15,2015,STD,JPM,6.05
12/31/16,2016,STD,JPM,6.24
12/31/17,2017,STD,JPM,6.35
12/31/18,2018,STD,JPM,9.04
12/31/19,2019,STD,JPM,10.75
12/31/20,2020,STD,JPM,8.89
12/31/21,2021,STD,JPM,15.39
12/31/22,2022,STD,JPM,12.1
12/31/23,2023,STD,JPM,16.25
12/31/24,2024,STD,JPM,19.79
12/31/15,2015,STD,CVX,2.46
12/31/16,2016,STD,CVX,-0.27
12/31/17,2017,STD,CVX,4.88
12/31/18,2018,STD,CVX,7.81
12/31/19,2019,STD,CVX,1.55
12/31/20,2020,STD,CVX,-2.96
12/31/21,2021,STD,CVX,8.15
12/31/22,2022,STD,CVX,18.36
12/31/23,2023,STD,CVX,11.41
12/31/24,2024,STD,CVX,9.76
12/31/15,2015,STD,CHD,3.13
12/31/16,2016,STD,CHD,1.78
12/31/17,2017,STD,CHD,2.97
12/31/18,2018,STD,CHD,2.32
12/31/19,2019,STD,CHD,2.5
12/31/20,2020,STD,CHD,3.18
12/31/21,2021,STD,CHD,3.38
12/31/22,2022,STD,CHD,1.7
12/31/23,2023,STD,CHD,3.09
12/31/24,2024,STD,CHD,2.39
5/31/15,2014,STD,CTAS,3.49
5/31/16,2015,STD,CTAS,4.15
5/31/17,2016,STD,CTAS,4.27
5/31/18,2017,STD,CTAS,7.24
5/31/19,2018,STD,CTAS,8.23
5/31/20,2019,STD,CTAS,8.36
5/31/21,2020,STD,CTAS,10.52
5/31/22,2021,STD,CTAS,11.92
5/31/23,2022,STD,CTAS,13.21
5/31/24,2023,STD,CTAS,15.4
12/31/15,2015,STD,KO,1.69
12/31/16,2016,STD,KO,1.51
12/31/17,2017,STD,KO,0.28
12/31/18,2018,STD,KO,1.58
12/31/19,2019,STD,KO,2.09
12/31/20,2020,STD,KO,1.8
12/31/21,2021,STD,KO,2.26
12/31/22,2022,STD,KO,2.2
12/31/23,2023,STD,KO,2.48
12/31/24,2024,STD,KO,2.47
12/31/15,2015,STD,CL,1.53
12/31/16,2016,STD,CL,2.74
12/31/17,2017,STD,CL,2.3
12/31/18,2018,STD,CL,2.76
12/31/19,2019,STD,CL,2.76
12/31/20,2020,STD,CL,3.15
12/31/21,2021,STD,CL,2.56
12/31/22,2022,STD,CL,2.13
12/31/23,2023,STD,CL,2.78
12/31/24,2024,STD,CL,3.53
12/31/15,2015,STD,AON,4.93
12/31/16,2016,STD,AON,5.21
12/31/17,2017,STD,AON,1.54
12/31/18,2018,STD,AON,4.32
12/31/19,2019,STD,AON,6.42
12/31/20,2020,STD,AON,8.49
12/31/21,2021,STD,AON,5.59
12/31/22,2022,STD,AON,12.23
12/31/23,2023,STD,AON,12.6
12/31/24,2024,STD,AON,12.55
12/31/15,2015,STD,C,5.43
12/31/16,2016,STD,C,4.74
12/31/17,2017,STD,C,-2.94
12/31/18,2018,STD,C,6.69
12/31/19,2019,STD,C,8.08
12/31/20,2020,STD,C,4.75
12/31/21,2021,STD,C,10.21
12/31/22,2022,STD,C,7.16
12/31/23,2023,STD,C,4.07
12/31/24,2024,STD,C,6.03
12/31/15,2015,STD,ED,4.07
12/31/16,2016,STD,ED,4.15
12/31/17,2017,STD,ED,4.97
12/31/18,2018,STD,ED,4.43
12/31/19,2019,STD,ED,4.09
12/31/20,2020,STD,ED,3.29
12/31/21,2021,STD,ED,3.86
12/31/22,2022,STD,ED,4.68
12/31/23,2023,STD,ED,7.25
12/31/24,2024,STD,ED,5.26
12/31/15,2015,STD,CMS,1.9
12/31/16,2016,STD,CMS,1.99
12/31/17,2017,STD,CMS,1.64
12/31/18,2018,STD,CMS,2.33
12/31/19,2019,STD,CMS,2.4
12/31/20,2020,STD,CMS,2.65
12/31/21,2021,STD,CMS,2.58
12/31/22,2022,STD,CMS,2.84
12/31/23,2023,STD,CMS,3.01
12/31/24,2024,STD,CMS,3.34
12/31/15,2015,STD,TAP,1.92
12/31/16,2016,STD,TAP,9.33
12/31/17,2017,STD,TAP,6.56
12/31/18,2018,STD,TAP,5.17
12/31/19,2019,STD,TAP,1.12
12/31/20,2020,STD,TAP,-4.38
12/31/21,2021,STD,TAP,4.63
12/31/22,2022,STD,TAP,-0.81
12/31/23,2023,STD,TAP,4.39
12/31/24,2024,STD,TAP,5.38
12/31/15,2015,STD,DHR,3.72
12/31/16,2016,STD,DHR,3.12
12/31/17,2017,STD,DHR,3.55
12/31/18,2018,STD,DHR,3.78
12/31/19,2019,STD,DHR,3.31
12/31/20,2020,STD,DHR,4.97
12/31/21,2021,STD,DHR,8.65
12/31/22,2022,STD,DHR,9.8
12/31/23,2023,STD,DHR,5.7
12/31/24,2024,STD,DHR,5.33
1/31/15,2014,STD,TGT,3.86
1/31/16,2015,STD,TGT,5.29
1/31/17,2016,STD,TGT,4.62
1/31/18,2017,STD,TGT,5.35
1/31/19,2018,STD,TGT,5.54
1/31/20,2019,STD,TGT,6.39
1/31/21,2020,STD,TGT,8.72
1/31/22,2021,STD,TGT,14.23
1/31/23,2022,STD,TGT,6.02
1/31/24,2023,STD,TGT,8.96
10/31/15,2015,STD,DE,5.81
10/31/16,2016,STD,DE,4.83
10/31/17,2017,STD,DE,6.76
10/31/18,2018,STD,DE,7.34
10/31/19,2019,STD,DE,10.28
10/31/20,2020,STD,DE,8.77
10/31/21,2021,STD,DE,19.14
10/31/22,2022,STD,DE,23.42
10/31/23,2023,STD,DE,34.8
10/31/24,2024,STD,DE,25.73
12/31/15,2015,STD,DTE,4.05
12/31/16,2016,STD,DTE,4.84
12/31/17,2017,STD,DTE,6.32
12/31/18,2018,STD,DTE,6.18
12/31/19,2019,STD,DTE,6.32
12/31/20,2020,STD,DTE,7.09
12/31/21,2021,STD,DTE,4.11
12/31/22,2022,STD,DTE,5.53
12/31/23,2023,STD,DTE,6.77
12/31/24,2024,STD,DTE,6.78
9/30/15,2015,STD,DIS,4.95
9/30/16,2016,STD,DIS,5.76
9/30/17,2017,STD,DIS,5.73
9/30/18,2018,STD,DIS,8.4
9/30/19,2019,STD,DIS,6.3
9/30/20,2020,STD,DIS,-1.57
9/30/21,2021,STD,DIS,1.11
9/30/22,2022,STD,DIS,1.75
9/30/23,2023,STD,DIS,1.29
9/30/24,2024,STD,DIS,2.72
12/31/15,2015,STD,D,3.21
12/31/16,2016,STD,D,3.44
12/31/17,2017,STD,D,4.72
12/31/18,2018,STD,D,3.74
12/31/19,2019,STD,D,1.66
12/31/20,2020,STD,D,1.83
12/31/21,2021,STD,D,3.19
12/31/22,2022,STD,D,1.08
12/31/23,2023,STD,D,2.48
12/31/24,2024,STD,D,2.2
12/31/15,2015,STD,DUK,4.02
12/31/16,2016,STD,DUK,3.71
12/31/17,2017,STD,DUK,4.37
12/31/18,2018,STD,DUK,3.73
12/31/19,2019,STD,DUK,5.07
12/31/20,2020,STD,DUK,1.71
12/31/21,2021,STD,DUK,4.93
12/31/22,2022,STD,DUK,4.74
12/31/23,2023,STD,DUK,5.35
12/31/24,2024,STD,DUK,5.7
12/31/15,2015,STD,ETN,4.25
12/31/16,2016,STD,ETN,4.22
12/31/17,2017,STD,ETN,6.71
12/31/18,2018,STD,ETN,4.93
12/31/19,2019,STD,ETN,5.28
12/31/20,2020,STD,ETN,3.51
12/31/21,2021,STD,ETN,5.38
12/31/22,2022,STD,ETN,6.17
12/31/23,2023,STD,ETN,8.06
12/31/24,2024,STD,ETN,9.54
12/31/15,2015,STD,ECL,3.38
12/31/16,2016,STD,ECL,4.2
12/31/17,2017,STD,ECL,5.21
12/31/18,2018,STD,ECL,4.95
12/31/19,2019,STD,ECL,5.41
12/31/20,2020,STD,ECL,3.37
12/31/21,2021,STD,ECL,3.95
12/31/22,2022,STD,ECL,3.83
12/31/23,2023,STD,ECL,4.82
12/31/24,2024,STD,ECL,7.43
12/31/15,2015,STD,XOM,3.85
12/31/16,2016,STD,XOM,1.88
12/31/17,2017,STD,XOM,4.63
12/31/18,2018,STD,XOM,4.88
12/31/19,2019,STD,XOM,3.36
12/31/20,2020,STD,XOM,-5.25
12/31/21,2021,STD,XOM,5.39
12/31/22,2022,STD,XOM,13.26
12/31/23,2023,STD,XOM,8.89
12/31/24,2024,STD,XOM,7.84
12/31/15,2015,STD,FMC,-1.4
12/31/16,2016,STD,FMC,1.81
12/31/17,2017,STD,FMC,-0.64
12/31/18,2018,STD,FMC,4.78
12/31/19,2019,STD,FMC,4.12
12/31/20,2020,STD,FMC,4.46
12/31/21,2021,STD,FMC,6.25
12/31/22,2022,STD,FMC,6.6
12/31/23,2023,STD,FMC,11.34
12/31/24,2024,STD,FMC,3.22
12/31/15,2015,STD,NEE,6.11
12/31/16,2016,STD,NEE,6.29
12/31/17,2017,STD,NEE,11.47
12/31/18,2018,STD,NEE,14.03
12/31/19,2019,STD,NEE,7.82
12/31/20,2020,STD,NEE,1.49
12/31/21,2021,STD,NEE,1.82
12/31/22,2022,STD,NEE,2.1
12/31/23,2023,STD,NEE,3.61
12/31/24,2024,STD,NEE,3.38
12/31/15,2015,STD,FITB,2.03
12/31/16,2016,STD,FITB,1.95
12/31/17,2017,STD,FITB,2.88
12/31/18,2018,STD,FITB,3.11
12/31/19,2019,STD,FITB,3.38
12/31/20,2020,STD,FITB,1.84
12/31/21,2021,STD,FITB,3.78
12/31/22,2022,STD,FITB,3.38
12/31/23,2023,STD,FITB,3.23
12/31/24,2024,STD,FITB,3.16
12/31/15,2015,STD,MTB,
12/31/15,2015,STD,MTB,7.22
12/31/16,2016,STD,MTB,
12/31/16,2016,STD,MTB,7.8
12/31/17,2017,STD,MTB,
12/31/17,2017,STD,MTB,8.72
12/31/18,2018,STD,MTB,
12/31/18,2018,STD,MTB,12.75
12/31/19,2019,STD,MTB,
12/31/19,2019,STD,MTB,13.76
12/31/20,2020,STD,MTB,
12/31/20,2020,STD,MTB,9.94
12/31/21,2021,STD,MTB,
12/31/21,2021,STD,MTB,13.81
12/31/22,2022,STD,MTB,
12/31/22,2022,STD,MTB,11.59
12/31/23,2023,STD,MTB,
12/31/23,2023,STD,MTB,15.85
12/31/24,2024,STD,MTB,
12/31/24,2024,STD,MTB,14.71
12/31/15,2015,STD,USB,
12/31/15,2015,STD,USB,3.18
12/31/16,2016,STD,USB,
12/31/16,2016,STD,USB,3.25
12/31/17,2017,STD,USB,
12/31/17,2017,STD,USB,3.53
12/31/18,2018,STD,USB,
12/31/18,2018,STD,USB,4.15
12/31/19,2019,STD,USB,
12/31/19,2019,STD,USB,4.16
12/31/20,2020,STD,USB,
12/31/20,2020,STD,USB,3.06
12/31/21,2021,STD,USB,
12/31/21,2021,STD,USB,5.11
12/31/22,2022,STD,USB,
12/31/22,2022,STD,USB,3.69
12/31/23,2023,STD,USB,
12/31/23,2023,STD,USB,3.27
12/31/24,2024,STD,USB,
12/31/24,2024,STD,USB,3.79
12/31/15,2015,STD,GE,0.17
12/31/16,2016,STD,GE,1.01
12/31/17,2017,STD,GE,-0.68
12/31/18,2018,STD,GE,-2.43
12/31/19,2019,STD,GE,-0.01
12/31/20,2020,STD,GE,0.59
12/31/21,2021,STD,GE,-3.25
12/31/22,2022,STD,GE,0.53
12/31/23,2023,STD,GE,8.06
12/31/24,2024,STD,GE,6.15
5/31/15,2014,STD,GIS,2.02
5/31/16,2015,STD,GIS,2.83
5/31/17,2016,STD,GIS,2.82
5/31/18,2017,STD,GIS,3.69
5/31/19,2018,STD,GIS,2.92
5/31/20,2019,STD,GIS,3.59
5/31/21,2020,STD,GIS,3.81
5/31/22,2021,STD,GIS,4.46
5/31/23,2022,STD,GIS,4.36
5/31/24,2023,STD,GIS,4.34
12/31/15,2015,STD,GM,6.11
12/31/16,2016,STD,GM,6.12
12/31/17,2017,STD,GM,0.23
12/31/18,2018,STD,GM,5.66
12/31/19,2019,STD,GM,4.62
12/31/20,2020,STD,GM,4.36
12/31/21,2021,STD,GM,6.78
12/31/22,2022,STD,GM,6.17
12/31/23,2023,STD,GM,7.35
12/31/24,2024,STD,GM,6.45
12/31/15,2015,STD,KHC,-0.34
12/31/16,2016,STD,KHC,2.84
12/31/17,2017,STD,KHC,9.03
12/31/18,2018,STD,KHC,-8.36
12/31/19,2019,STD,KHC,1.59
12/31/20,2020,STD,KHC,0.29
12/31/21,2021,STD,KHC,0.83
12/31/22,2022,STD,KHC,1.93
12/31/23,2023,STD,KHC,2.33
12/31/24,2024,STD,KHC,2.27
10/31/15,2015,STD,HPQ,2.51
10/31/16,2016,STD,HPQ,1.54
10/31/17,2017,STD,HPQ,1.5
10/31/18,2018,STD,HPQ,3.3
10/31/19,2019,STD,HPQ,2.08
10/31/20,2020,STD,HPQ,2.01
10/31/21,2021,STD,HPQ,5.38
10/31/22,2022,STD,HPQ,3.02
10/31/23,2023,STD,HPQ,3.29
10/31/24,2024,STD,HPQ,2.83
1/31/15,2014,STD,HD,4.74
1/31/16,2015,STD,HD,5.49
1/31/17,2016,STD,HD,6.47
1/31/18,2017,STD,HD,7.33
1/31/19,2018,STD,HD,9.78
1/31/20,2019,STD,HD,10.29
1/31/21,2020,STD,HD,11.98
1/31/22,2021,STD,HD,15.59
1/31/23,2022,STD,HD,16.74
1/31/24,2023,STD,HD,15.16
12/31/15,2015,STD,CNP,-1.61
12/31/16,2016,STD,CNP,1
12/31/17,2017,STD,CNP,4.16
12/31/18,2018,STD,CNP,0.74
12/31/19,2019,STD,CNP,1.34
12/31/20,2020,STD,CNP,-1.45
12/31/21,2021,STD,CNP,0.97
12/31/22,2022,STD,CNP,1.6
12/31/23,2023,STD,CNP,1.37
12/31/24,2024,STD,CNP,1.58
12/31/15,2015,STD,HBAN,0.82
12/31/16,2016,STD,HBAN,
12/31/16,2016,STD,HBAN,0.72
12/31/17,2017,STD,HBAN,
12/31/17,2017,STD,HBAN,1.02
12/31/18,2018,STD,HBAN,
12/31/18,2018,STD,HBAN,1.22
12/31/19,2019,STD,HBAN,
12/31/19,2019,STD,HBAN,1.29
12/31/20,2020,STD,HBAN,
12/31/20,2020,STD,HBAN,0.71
12/31/21,2021,STD,HBAN,
12/31/21,2021,STD,HBAN,0.91
12/31/22,2022,STD,HBAN,
12/31/22,2022,STD,HBAN,1.47
12/31/23,2023,STD,HBAN,
12/31/23,2023,STD,HBAN,1.26
12/31/24,2024,STD,HBAN,
12/31/24,2024,STD,HBAN,1.24
12/31/15,2015,STD,ITW,5.16
12/31/16,2016,STD,ITW,5.73
12/31/17,2017,STD,ITW,4.9
12/31/18,2018,STD,ITW,7.65
12/31/19,2019,STD,ITW,7.78
12/31/20,2020,STD,ITW,6.66
12/31/21,2021,STD,ITW,8.55
12/31/22,2022,STD,ITW,9.8
12/31/23,2023,STD,ITW,9.77
12/31/24,2024,STD,ITW,11.75
12/31/15,2015,STD,INTC,2.41
12/31/16,2016,STD,INTC,2.18
12/31/17,2017,STD,INTC,2.04
12/31/18,2018,STD,INTC,4.57
12/31/19,2019,STD,INTC,4.77
12/31/20,2020,STD,INTC,4.98
12/31/21,2021,STD,INTC,4.89
12/31/22,2022,STD,INTC,1.95
12/31/23,2023,STD,INTC,0.4
12/31/24,2024,STD,INTC,-4.38
12/31/15,2015,STD,IBM,13.66
12/31/16,2016,STD,IBM,12.44
12/31/17,2017,STD,IBM,6.17
12/31/18,2018,STD,IBM,9.56
12/31/19,2019,STD,IBM,10.63
12/31/20,2020,STD,IBM,6.18
12/31/21,2021,STD,IBM,5.26
12/31/22,2022,STD,IBM,1.97
12/31/23,2023,STD,IBM,8.25
12/31/24,2024,STD,IBM,6.53
12/31/15,2015,STD,JNJ,5.56
12/31/16,2016,STD,JNJ,6.04
12/31/17,2017,STD,JNJ,0.48
12/31/18,2018,STD,JNJ,5.7
12/31/19,2019,STD,JNJ,5.72
12/31/20,2020,STD,JNJ,5.59
12/31/21,2021,STD,JNJ,7.93
12/31/22,2022,STD,JNJ,6.83
12/31/23,2023,STD,JNJ,5.26
12/31/24,2024,STD,JNJ,5.84
6/30/15,2015,STD,KLAC,2.26
6/30/16,2016,STD,KLAC,4.52
6/30/17,2017,STD,KLAC,5.92
6/30/18,2018,STD,KLAC,5.13
6/30/19,2019,STD,KLAC,7.53
6/30/20,2020,STD,KLAC,7.76
6/30/21,2021,STD,KLAC,13.49
6/30/22,2022,STD,KLAC,22.07
6/30/23,2023,STD,KLAC,24.28
6/30/24,2024,STD,KLAC,20.41
12/31/15,2015,STD,K,1.74
12/31/16,2016,STD,K,1.98
12/31/17,2017,STD,K,3.65
12/31/18,2018,STD,K,3.85
12/31/19,2019,STD,K,2.81
12/31/20,2020,STD,K,3.65
12/31/21,2021,STD,K,4.36
12/31/22,2022,STD,K,2.81
12/31/23,2023,STD,K,2.27
12/31/24,2024,STD,K,3.92
12/31/15,2015,STD,KMB,2.78
12/31/16,2016,STD,KMB,6.03
12/31/17,2017,STD,KMB,6.44
12/31/18,2018,STD,KMB,4.05
12/31/19,2019,STD,KMB,6.28
12/31/20,2020,STD,KMB,6.9
12/31/21,2021,STD,KMB,5.38
12/31/22,2022,STD,KMB,5.73
12/31/23,2023,STD,KMB,5.22
12/31/24,2024,STD,KMB,7.58
6/30/15,2015,STD,LRCX,4.11
6/30/16,2016,STD,LRCX,5.75
6/30/17,2017,STD,LRCX,10.47
6/30/18,2018,STD,LRCX,14.73
6/30/19,2019,STD,LRCX,14.37
6/30/20,2020,STD,LRCX,15.55
6/30/21,2021,STD,LRCX,27.22
6/30/22,2022,STD,LRCX,32.92
6/30/23,2023,STD,LRCX,33.3
6/30/24,2024,STD,LRCX,29.13
12/31/15,2015,STD,LLY,2.27
12/31/16,2016,STD,LLY,2.59
12/31/17,2017,STD,LLY,-0.19
12/31/18,2018,STD,LLY,3.14
12/31/19,2019,STD,LLY,4.98
12/31/20,2020,STD,LLY,6.82
12/31/21,2021,STD,LLY,6.15
12/31/22,2022,STD,LLY,6.93
12/31/23,2023,STD,LLY,5.82
12/31/24,2024,STD,LLY,11.76
12/31/15,2015,STD,LMT,11.62
12/31/16,2016,STD,LMT,12.54
12/31/17,2017,STD,LMT,6.7
12/31/18,2018,STD,LMT,17.74
12/31/19,2019,STD,LMT,22.09
12/31/20,2020,STD,LMT,24.6
12/31/21,2021,STD,LMT,22.85
12/31/22,2022,STD,LMT,21.74
12/31/23,2023,STD,LMT,27.65
12/31/24,2024,STD,LMT,22.39
1/31/15,2014,STD,LOW,2.71
1/31/16,2015,STD,LOW,2.73
1/31/17,2016,STD,LOW,3.48
1/31/18,2017,STD,LOW,4.09
1/31/19,2018,STD,LOW,2.84
1/31/20,2019,STD,LOW,5.49
1/31/21,2020,STD,LOW,7.77
1/31/22,2021,STD,LOW,12.07
1/31/23,2022,STD,LOW,10.2
1/31/24,2023,STD,LOW,13.23
12/31/15,2015,STD,MMC,3.01
12/31/16,2016,STD,MMC,3.41
12/31/17,2017,STD,MMC,2.91
12/31/18,2018,STD,MMC,3.26
12/31/19,2019,STD,MMC,3.44
12/31/20,2020,STD,MMC,3.98
12/31/21,2021,STD,MMC,6.2
12/31/22,2022,STD,MMC,6.11
12/31/23,2023,STD,MMC,7.6
12/31/24,2024,STD,MMC,8.26
12/31/15,2015,STD,MCD,4.82
12/31/16,2016,STD,MCD,5.49
12/31/17,2017,STD,MCD,6.43
12/31/18,2018,STD,MCD,7.61
12/31/19,2019,STD,MCD,7.95
12/31/20,2020,STD,MCD,6.35
12/31/21,2021,STD,MCD,10.11
12/31/22,2022,STD,MCD,8.39
12/31/23,2023,STD,MCD,11.63
12/31/24,2024,STD,MCD,11.45
12/31/15,2015,STD,SPGI,4.26
12/31/16,2016,STD,SPGI,8.02
12/31/17,2017,STD,SPGI,5.84
12/31/18,2018,STD,SPGI,7.8
12/31/19,2019,STD,SPGI,8.65
12/31/20,2020,STD,SPGI,9.71
12/31/21,2021,STD,SPGI,12.56
12/31/22,2022,STD,SPGI,10.25
12/31/23,2023,STD,SPGI,8.25
12/31/24,2024,STD,SPGI,12.36
12/31/15,2015,STD,MRK,1.58
12/31/16,2016,STD,MRK,1.42
12/31/17,2017,STD,MRK,0.88
12/31/18,2018,STD,MRK,2.34
12/31/19,2019,STD,MRK,3.84
12/31/20,2020,STD,MRK,2.79
12/31/21,2021,STD,MRK,4.88
12/31/22,2022,STD,MRK,5.73
12/31/23,2023,STD,MRK,0.14
12/31/24,2024,STD,MRK,6.76
8/31/15,2015,STD,MU,2.71
8/31/16,2016,STD,MU,-0.27
8/31/17,2017,STD,MU,4.67
8/31/18,2018,STD,MU,12.27
8/31/19,2019,STD,MU,5.67
8/31/20,2020,STD,MU,2.42
8/31/21,2021,STD,MU,5.23
8/31/22,2022,STD,MU,7.81
8/31/23,2023,STD,MU,-5.34
8/31/24,2024,STD,MU,0.7
12/31/15,2015,STD,VTRS,1.8
12/31/16,2016,STD,VTRS,0.94
12/31/17,2017,STD,VTRS,1.3
12/31/18,2018,STD,VTRS,0.69
12/31/19,2019,STD,VTRS,0.03
12/31/20,2020,STD,VTRS,-1.11
12/31/21,2021,STD,VTRS,-1.05
12/31/22,2022,STD,VTRS,1.71
12/31/23,2023,STD,VTRS,0.05
12/31/24,2024,STD,VTRS,-0.53
12/31/15,2015,STD,BAC,
12/31/15,2015,STD,BAC,1.38
12/31/16,2016,STD,BAC,
12/31/16,2016,STD,BAC,1.58
12/31/17,2017,STD,BAC,
12/31/17,2017,STD,BAC,1.63
12/31/18,2018,STD,BAC,
12/31/18,2018,STD,BAC,2.64
12/31/19,2019,STD,BAC,
12/31/19,2019,STD,BAC,2.77
12/31/20,2020,STD,BAC,
12/31/20,2020,STD,BAC,1.88
12/31/21,2021,STD,BAC,
12/31/21,2021,STD,BAC,3.6
12/31/22,2022,STD,BAC,
12/31/22,2022,STD,BAC,3.21
12/31/23,2023,STD,BAC,
12/31/23,2023,STD,BAC,3.1
12/31/24,2024,STD,BAC,
12/31/24,2024,STD,BAC,3.25
12/31/15,2015,STD,XEL,1.94
12/31/16,2016,STD,XEL,2.21
12/31/17,2017,STD,XEL,2.26
12/31/18,2018,STD,XEL,2.47
12/31/19,2019,STD,XEL,2.64
12/31/20,2020,STD,XEL,2.79
12/31/21,2021,STD,XEL,2.96
12/31/22,2022,STD,XEL,3.18
12/31/23,2023,STD,XEL,3.21
12/31/24,2024,STD,XEL,3.44
12/31/15,2015,STD,NOC,10.51
12/31/16,2016,STD,NOC,12.3
12/31/17,2017,STD,NOC,11.55
12/31/18,2018,STD,NOC,18.59
12/31/19,2019,STD,NOC,13.28
12/31/20,2020,STD,NOC,19.08
12/31/21,2021,STD,NOC,43.7
12/31/22,2022,STD,NOC,31.61
12/31/23,2023,STD,NOC,13.57
12/31/24,2024,STD,NOC,28.39
12/31/15,2015,STD,WFC,
12/31/15,2015,STD,WFC,4.18
12/31/16,2016,STD,WFC,
12/31/16,2016,STD,WFC,4.03
12/31/17,2017,STD,WFC,
12/31/17,2017,STD,WFC,4.14
12/31/18,2018,STD,WFC,
12/31/18,2018,STD,WFC,4.31
12/31/19,2019,STD,WFC,
12/31/19,2019,STD,WFC,4.08
12/31/20,2020,STD,WFC,
12/31/20,2020,STD,WFC,0.42
12/31/21,2021,STD,WFC,
12/31/21,2021,STD,WFC,4.99
12/31/22,2022,STD,WFC,
12/31/22,2022,STD,WFC,3.17
12/31/23,2023,STD,WFC,
12/31/23,2023,STD,WFC,4.88
12/31/24,2024,STD,WFC,
12/31/24,2024,STD,WFC,5.43
12/31/15,2015,STD,OXY,-10.64
12/31/16,2016,STD,OXY,-1.31
12/31/17,2017,STD,OXY,1.71
12/31/18,2018,STD,OXY,5.4
12/31/19,2019,STD,OXY,-1.2
12/31/20,2020,STD,OXY,-15.65
12/31/21,2021,STD,OXY,2.12
12/31/22,2022,STD,OXY,13.41
12/31/23,2023,STD,OXY,4.22
12/31/24,2024,STD,OXY,2.39
12/31/15,2015,STD,FE,1.37
12/31/16,2016,STD,FE,-14.49
12/31/17,2017,STD,FE,-3.88
12/31/18,2018,STD,FE,1.33
12/31/19,2019,STD,FE,1.69
12/31/20,2020,STD,FE,1.85
12/31/21,2021,STD,FE,2.27
12/31/22,2022,STD,FE,0.71
12/31/23,2023,STD,FE,1.96
12/31/24,2024,STD,FE,1.7
12/31/15,2015,STD,PNC,
12/31/15,2015,STD,PNC,7.52
12/31/16,2016,STD,PNC,
12/31/16,2016,STD,PNC,7.42
12/31/17,2017,STD,PNC,
12/31/17,2017,STD,PNC,10.5
12/31/18,2018,STD,PNC,
12/31/18,2018,STD,PNC,10.79
12/31/19,2019,STD,PNC,
12/31/19,2019,STD,PNC,11.43
12/31/20,2020,STD,PNC,
12/31/20,2020,STD,PNC,6.37
12/31/21,2021,STD,PNC,
12/31/21,2021,STD,PNC,12.71
12/31/22,2022,STD,PNC,
12/31/22,2022,STD,PNC,13.86
12/31/23,2023,STD,PNC,
12/31/23,2023,STD,PNC,12.8
12/31/24,2024,STD,PNC,
12/31/24,2024,STD,PNC,13.76
12/31/15,2015,STD,PPG,5.18
12/31/16,2016,STD,PPG,2.12
12/31/17,2017,STD,PPG,5.34
12/31/18,2018,STD,PPG,5.43
12/31/19,2019,STD,PPG,5.25
12/31/20,2020,STD,PPG,4.46
12/31/21,2021,STD,PPG,5.98
12/31/22,2022,STD,PPG,4.35
12/31/23,2023,STD,PPG,5.38
12/31/24,2024,STD,PPG,5.75
12/31/15,2015,STD,PCAR,4.52
12/31/16,2016,STD,PCAR,1.49
12/31/17,2017,STD,PCAR,4.76
12/31/18,2018,STD,PCAR,6.25
12/31/19,2019,STD,PCAR,6.88
12/31/20,2020,STD,PCAR,3.74
12/31/21,2021,STD,PCAR,5.33
12/31/22,2022,STD,PCAR,8.64
12/31/23,2023,STD,PCAR,8.78
12/31/24,2024,STD,PCAR,7.92
12/31/15,2015,STD,SRE,5.43
12/31/16,2016,STD,SRE,5.48
12/31/17,2017,STD,SRE,1.02
12/31/18,2018,STD,SRE,3.45
12/31/19,2019,STD,SRE,6.22
12/31/20,2020,STD,SRE,6.61
12/31/21,2021,STD,SRE,4.03
12/31/22,2022,STD,SRE,6.65
12/31/23,2023,STD,SRE,4.81
12/31/24,2024,STD,SRE,4.44
5/31/15,2014,STD,PAYX,1.86
5/31/16,2015,STD,PAYX,2.1
5/31/17,2016,STD,PAYX,2.27
5/31/18,2017,STD,PAYX,2.6
5/31/19,2018,STD,PAYX,2.88
5/31/20,2019,STD,PAYX,3.06
5/31/21,2020,STD,PAYX,3.05
5/31/22,2021,STD,PAYX,3.86
5/31/23,2022,STD,PAYX,4.32
5/31/24,2023,STD,PAYX,4.69
12/31/15,2015,STD,PPL,2.38
12/31/16,2016,STD,PPL,2.8
12/31/17,2017,STD,PPL,1.64
12/31/18,2018,STD,PPL,2.59
12/31/19,2019,STD,PPL,2.39
12/31/20,2020,STD,PPL,1.91
12/31/21,2021,STD,PPL,0.03
12/31/22,2022,STD,PPL,0.97
12/31/23,2023,STD,PPL,1
12/31/24,2024,STD,PPL,1.2
12/31/15,2015,STD,PEP,3.71
12/31/16,2016,STD,PEP,4.39
12/31/17,2017,STD,PEP,3.4
12/31/18,2018,STD,PEP,8.84
12/31/19,2019,STD,PEP,5.23
12/31/20,2020,STD,PEP,5.14
12/31/21,2021,STD,PEP,5.51
12/31/22,2022,STD,PEP,6.45
12/31/23,2023,STD,PEP,6.59
12/31/24,2024,STD,PEP,6.97
12/31/15,2015,STD,PFE,1.13
12/31/16,2016,STD,PFE,1.18
12/31/17,2017,STD,PFE,3.57
12/31/18,2018,STD,PFE,1.9
12/31/19,2019,STD,PFE,2.92
12/31/20,2020,STD,PFE,1.26
12/31/21,2021,STD,PFE,4
12/31/22,2022,STD,PFE,5.59
12/31/23,2023,STD,PFE,0.38
12/31/24,2024,STD,PFE,1.42
12/31/15,2015,STD,MO,2.67
12/31/16,2016,STD,MO,7.28
12/31/17,2017,STD,MO,5.31
12/31/18,2018,STD,MO,3.69
12/31/19,2019,STD,MO,-0.7
12/31/20,2020,STD,MO,2.4
12/31/21,2021,STD,MO,1.34
12/31/22,2022,STD,MO,3.19
12/31/23,2023,STD,MO,4.57
12/31/24,2024,STD,MO,6.54
12/31/15,2015,STD,COP,-3.58
12/31/16,2016,STD,COP,-2.91
12/31/17,2017,STD,COP,-0.7
12/31/18,2018,STD,COP,5.36
12/31/19,2019,STD,COP,6.43
12/31/20,2020,STD,COP,-2.51
12/31/21,2021,STD,COP,6.09
12/31/22,2022,STD,COP,14.62
12/31/23,2023,STD,COP,9.08
12/31/24,2024,STD,COP,7.82
6/30/15,2015,STD,PG,3.16
6/30/16,2016,STD,PG,3.59
6/30/17,2017,STD,PG,3.79
6/30/18,2018,STD,PG,3.75
6/30/19,2019,STD,PG,1.45
6/30/20,2020,STD,PG,5.13
6/30/21,2021,STD,PG,5.69
6/30/22,2022,STD,PG,6
6/30/23,2023,STD,PG,6.07
6/30/24,2024,STD,PG,6.18
12/31/15,2015,STD,PEG,3.32
12/31/16,2016,STD,PEG,1.76
12/31/17,2017,STD,PEG,3.12
12/31/18,2018,STD,PEG,2.85
12/31/19,2019,STD,PEG,3.35
12/31/20,2020,STD,PEG,3.78
12/31/21,2021,STD,PEG,-1.29
12/31/22,2022,STD,PEG,2.07
12/31/23,2023,STD,PEG,5.15
12/31/24,2024,STD,PEG,3.56
9/30/15,2015,STD,ROK,6.15
9/30/16,2016,STD,ROK,5.6
9/30/17,2017,STD,ROK,6.42
9/30/18,2018,STD,ROK,4.27
9/30/19,2019,STD,ROK,5.88
9/30/20,2020,STD,ROK,8.83
9/30/21,2021,STD,ROK,11.69
9/30/22,2022,STD,ROK,8.02
9/30/23,2023,STD,ROK,12.03
9/30/24,2024,STD,ROK,8.32
12/31/15,2015,STD,SHW,11.38
12/31/16,2016,STD,SHW,12.33
12/31/17,2017,STD,SHW,19.52
12/31/18,2018,STD,SHW,11.92
12/31/19,2019,STD,SHW,16.79
12/31/20,2020,STD,SHW,22.45
12/31/21,2021,STD,SHW,7.1
12/31/22,2022,STD,SHW,7.83
12/31/23,2023,STD,SHW,9.35
12/31/24,2024,STD,SHW,10.68
12/31/15,2015,STD,KEY,
12/31/15,2015,STD,KEY,1.06
12/31/16,2016,STD,KEY,
12/31/16,2016,STD,KEY,0.81
12/31/17,2017,STD,KEY,
12/31/17,2017,STD,KEY,1.13
12/31/18,2018,STD,KEY,
12/31/18,2018,STD,KEY,1.72
12/31/19,2019,STD,KEY,
12/31/19,2019,STD,KEY,1.62
12/31/20,2020,STD,KEY,1.26
12/31/21,2021,STD,KEY,2.64
12/31/22,2022,STD,KEY,1.94
12/31/23,2023,STD,KEY,0.88
12/31/24,2024,STD,KEY,-0.32
12/31/15,2015,STD,EIX,3.02
12/31/16,2016,STD,EIX,3.99
12/31/17,2017,STD,EIX,1.73
12/31/18,2018,STD,EIX,-1.4
12/31/19,2019,STD,EIX,3.78
12/31/20,2020,STD,EIX,1.98
12/31/21,2021,STD,EIX,2
12/31/22,2022,STD,EIX,1.61
12/31/23,2023,STD,EIX,3.12
12/31/24,2024,STD,EIX,3.33
12/31/15,2015,STD,SO,2.6
12/31/16,2016,STD,SO,2.57
12/31/17,2017,STD,SO,0.84
12/31/18,2018,STD,SO,2.18
12/31/19,2019,STD,SO,4.53
12/31/20,2020,STD,SO,2.95
12/31/21,2021,STD,SO,2.26
12/31/22,2022,STD,SO,3.28
12/31/23,2023,STD,SO,3.64
12/31/24,2024,STD,SO,4.02
12/31/15,2015,STD,LUV,3.3
12/31/16,2016,STD,LUV,3.58
12/31/17,2017,STD,LUV,5.8
12/31/18,2018,STD,LUV,4.3
12/31/19,2019,STD,LUV,4.28
12/31/20,2020,STD,LUV,-5.44
12/31/21,2021,STD,LUV,1.65
12/31/22,2022,STD,LUV,0.91
12/31/23,2023,STD,LUV,0.78
12/31/24,2024,STD,LUV,0.78
12/31/15,2015,STD,SWK,6.1
12/31/16,2016,STD,SWK,6.61
12/31/17,2017,STD,SWK,8.19
12/31/18,2018,STD,SWK,4.06
12/31/19,2019,STD,SWK,6.44
12/31/20,2020,STD,SWK,7.85
12/31/21,2021,STD,SWK,9.99
12/31/22,2022,STD,SWK,1.11
12/31/23,2023,STD,SWK,-1.88
12/31/24,2024,STD,SWK,1.9
12/31/15,2015,STD,PSA,6.1
12/31/16,2016,STD,PSA,6.84
12/31/17,2017,STD,PSA,6.75
12/31/18,2018,STD,PSA,
12/31/18,2018,STD,PSA,8.56
12/31/19,2019,STD,PSA,
12/31/19,2019,STD,PSA,7.3
12/31/20,2020,STD,PSA,
12/31/20,2020,STD,PSA,6.29
12/31/21,2021,STD,PSA,
12/31/21,2021,STD,PSA,9.91
12/31/22,2022,STD,PSA,
12/31/22,2022,STD,PSA,23.64
12/31/23,2023,STD,PSA,
12/31/23,2023,STD,PSA,11.11
12/31/24,2024,STD,PSA,
12/31/24,2024,STD,PSA,10.68
12/31/15,2015,STD,SYK,3.82
12/31/16,2016,STD,SYK,4.4
12/31/17,2017,STD,SYK,2.73
12/31/18,2018,STD,SYK,9.5
12/31/19,2019,STD,SYK,5.57
12/31/20,2020,STD,SYK,4.26
12/31/21,2021,STD,SYK,5.29
12/31/22,2022,STD,SYK,6.23
12/31/23,2023,STD,SYK,8.34
12/31/24,2024,STD,SYK,7.86
6/30/15,2015,STD,SYY,1.16
6/30/16,2016,STD,SYY,1.66
6/30/17,2017,STD,SYY,2.1
6/30/18,2018,STD,SYY,2.74
6/30/19,2019,STD,SYY,3.24
6/30/20,2020,STD,SYY,0.42
6/30/21,2021,STD,SYY,1.03
6/30/22,2022,STD,SYY,2.66
6/30/23,2023,STD,SYY,3.49
6/30/24,2024,STD,SYY,3.9
12/31/15,2015,STD,TXN,2.86
12/31/16,2016,STD,TXN,3.54
12/31/17,2017,STD,TXN,3.68
12/31/18,2018,STD,TXN,5.71
12/31/19,2019,STD,TXN,5.33
12/31/20,2020,STD,TXN,6.05
12/31/21,2021,STD,TXN,8.38
12/31/22,2022,STD,TXN,9.51
12/31/23,2023,STD,TXN,7.13
12/31/24,2024,STD,TXN,5.24
12/31/15,2015,STD,TMO,4.97
12/31/16,2016,STD,TMO,5.13
12/31/17,2017,STD,TMO,5.65
12/31/18,2018,STD,TMO,7.31
12/31/19,2019,STD,TMO,9.24
12/31/20,2020,STD,TMO,16.09
12/31/21,2021,STD,TMO,19.62
12/31/22,2022,STD,TMO,17.75
12/31/23,2023,STD,TMO,15.52
12/31/24,2024,STD,TMO,16.58
12/31/15,2015,STD,UNP,5.51
12/31/16,2016,STD,UNP,5.09
12/31/17,2017,STD,UNP,13.42
12/31/18,2018,STD,UNP,7.95
12/31/19,2019,STD,UNP,8.41
12/31/20,2020,STD,UNP,7.9
12/31/21,2021,STD,UNP,9.98
12/31/22,2022,STD,UNP,11.24
12/31/23,2023,STD,UNP,10.47
12/31/24,2024,STD,UNP,11.1
12/31/15,2015,STD,UDR,
12/31/15,2015,STD,UDR,1.3
12/31/16,2016,STD,UDR,
12/31/16,2016,STD,UDR,1.09
12/31/17,2017,STD,UDR,
12/31/17,2017,STD,UDR,0.44
12/31/18,2018,STD,UDR,
12/31/18,2018,STD,UDR,0.74
12/31/19,2019,STD,UDR,
12/31/19,2019,STD,UDR,0.63
12/31/20,2020,STD,UDR,
12/31/20,2020,STD,UDR,0.2
12/31/21,2021,STD,UDR,
12/31/21,2021,STD,UDR,0.49
12/31/22,2022,STD,UDR,
12/31/22,2022,STD,UDR,0.26
12/31/23,2023,STD,UDR,
12/31/23,2023,STD,UDR,1.34
12/31/24,2024,STD,UDR,
12/31/24,2024,STD,UDR,0.26
12/31/15,2015,STD,UNH,
12/31/15,2015,STD,UNH,6.1
12/31/16,2016,STD,UNH,
12/31/16,2016,STD,UNH,7.37
12/31/17,2017,STD,UNH,
12/31/17,2017,STD,UNH,10.95
12/31/18,2018,STD,UNH,
12/31/18,2018,STD,UNH,12.45
12/31/19,2019,STD,UNH,
12/31/19,2019,STD,UNH,14.55
12/31/20,2020,STD,UNH,
12/31/20,2020,STD,UNH,16.23
12/31/21,2021,STD,UNH,
12/31/21,2021,STD,UNH,18.33
12/31/22,2022,STD,UNH,
12/31/22,2022,STD,UNH,21.47
12/31/23,2023,STD,UNH,
12/31/23,2023,STD,UNH,24.12
12/31/24,2024,STD,UNH,
12/31/24,2024,STD,UNH,15.64
12/31/15,2015,STD,UPS,5.38
12/31/16,2016,STD,UPS,3.89
12/31/17,2017,STD,UPS,5.64
12/31/18,2018,STD,UPS,5.53
12/31/19,2019,STD,UPS,5.14
12/31/20,2020,STD,UPS,1.55
12/31/21,2021,STD,UPS,14.75
12/31/22,2022,STD,UPS,13.26
12/31/23,2023,STD,UPS,7.81
12/31/24,2024,STD,UPS,6.76
12/31/15,2015,STD,RTX,4.58
12/31/16,2016,STD,RTX,6.19
12/31/17,2017,STD,RTX,5.76
12/31/18,2018,STD,RTX,6.58
12/31/19,2019,STD,RTX,6.48
12/31/20,2020,STD,RTX,-2.29
12/31/21,2021,STD,RTX,2.6
12/31/22,2022,STD,RTX,3.54
12/31/23,2023,STD,RTX,2.24
12/31/24,2024,STD,RTX,3.58
12/31/15,2015,STD,VFC,2.9
12/31/16,2016,STD,VFC,2.82
12/31/17,2017,STD,VFC,1.81
3/31/19,2018,STD,VFC,3.19
3/31/20,2019,STD,VFC,1.59
3/31/21,2020,STD,VFC,0.91
3/31/22,2021,STD,VFC,3.12
3/31/23,2022,STD,VFC,0.31
3/31/24,2023,STD,VFC,-2.49
12/31/15,2015,STD,VMC,1.75
12/31/16,2016,STD,VMC,3.17
12/31/17,2017,STD,VMC,4.48
12/31/18,2018,STD,VMC,3.91
12/31/19,2019,STD,VMC,4.71
12/31/20,2020,STD,VMC,4.44
12/31/21,2021,STD,VMC,5.08
12/31/22,2022,STD,VMC,4.47
12/31/23,2023,STD,VMC,7.1
12/31/24,2024,STD,VMC,6.95
1/31/15,2014,STD,WMT,5.01
1/31/16,2015,STD,WMT,4.58
1/31/17,2016,STD,WMT,4.4
1/31/18,2017,STD,WMT,3.29
1/31/19,2018,STD,WMT,2.28
1/31/20,2019,STD,WMT,5.22
1/31/21,2020,STD,WMT,4.77
1/31/22,2021,STD,WMT,4.9
1/31/23,2022,STD,WMT,4.29
1/31/24,2023,STD,WMT,5.76
8/31/15,2015,STD,WBA,4.05
8/31/16,2016,STD,WBA,3.85
8/31/17,2017,STD,WBA,3.8
8/31/18,2018,STD,WBA,5.07
8/31/19,2019,STD,WBA,4.32
8/31/20,2020,STD,WBA,0.52
8/31/21,2021,STD,WBA,2.31
8/31/22,2022,STD,WBA,5.02
8/31/23,2023,STD,WBA,-3.57
8/31/24,2024,STD,WBA,-10.01
12/31/15,2015,STD,WEC,2.36
12/31/16,2016,STD,WEC,2.98
12/31/17,2017,STD,WEC,3.81
12/31/18,2018,STD,WEC,3.36
12/31/19,2019,STD,WEC,3.6
12/31/20,2020,STD,WEC,3.8
12/31/21,2021,STD,WEC,4.12
12/31/22,2022,STD,WEC,4.46
12/31/23,2023,STD,WEC,4.22
12/31/24,2024,STD,WEC,4.83
1/31/15,2014,STD,TJX,3.2
1/31/16,2015,STD,TJX,3.38
1/31/17,2016,STD,TJX,3.51
1/31/18,2017,STD,TJX,4.1
1/31/19,2018,STD,TJX,2.47
1/31/20,2019,STD,TJX,2.71
1/31/21,2020,STD,TJX,0.08
1/31/22,2021,STD,TJX,2.74
1/31/23,2022,STD,TJX,3
1/31/24,2023,STD,TJX,3.9
12/31/15,2015,STD,MS,
12/31/15,2015,STD,MS,2.98
12/31/16,2016,STD,MS,
12/31/16,2016,STD,MS,2.98
12/31/17,2017,STD,MS,
12/31/17,2017,STD,MS,3.15
12/31/18,2018,STD,MS,
12/31/18,2018,STD,MS,4.81
12/31/19,2019,STD,MS,
12/31/19,2019,STD,MS,5.26
12/31/20,2020,STD,MS,
12/31/20,2020,STD,MS,6.55
12/31/21,2021,STD,MS,
12/31/21,2021,STD,MS,8.16
12/31/22,2022,STD,MS,
12/31/22,2022,STD,MS,6.23
12/31/23,2023,STD,MS,
12/31/23,2023,STD,MS,5.24
12/31/24,2024,STD,MS,
12/31/24,2024,STD,MS,8.04
12/31/15,2015,STD,TROW,
12/31/15,2015,STD,TROW,4.74
12/31/16,2016,STD,TROW,
12/31/16,2016,STD,TROW,4.85
12/31/17,2017,STD,TROW,
12/31/17,2017,STD,TROW,6.07
12/31/18,2018,STD,TROW,
12/31/18,2018,STD,TROW,7.41
12/31/19,2019,STD,TROW,
12/31/19,2019,STD,TROW,8.82
12/31/20,2020,STD,TROW,
12/31/20,2020,STD,TROW,10.08
12/31/21,2021,STD,TROW,
12/31/21,2021,STD,TROW,13.25
12/31/22,2022,STD,TROW,
12/31/22,2022,STD,TROW,6.73
12/31/23,2023,STD,TROW,
12/31/23,2023,STD,TROW,7.78
12/31/24,2024,STD,TROW,
12/31/24,2024,STD,TROW,9.18
6/30/15,2015,STD,MSFT,1.49
6/30/16,2016,STD,MSFT,2.12
6/30/17,2017,STD,MSFT,2.74
6/30/18,2018,STD,MSFT,2.15
6/30/19,2019,STD,MSFT,5.11
6/30/20,2020,STD,MSFT,5.82
6/30/21,2021,STD,MSFT,8.12
6/30/22,2022,STD,MSFT,9.7
6/30/23,2023,STD,MSFT,9.72
6/30/24,2024,STD,MSFT,11.86
5/31/15,2014,STD,ORCL,2.26
5/31/16,2015,STD,ORCL,2.11
5/31/17,2016,STD,ORCL,2.27
5/31/18,2017,STD,ORCL,0.93
5/31/19,2018,STD,ORCL,3.05
5/31/20,2019,STD,ORCL,3.16
5/31/21,2020,STD,ORCL,4.67
5/31/22,2021,STD,ORCL,2.49
5/31/23,2022,STD,ORCL,3.15
5/31/24,2023,STD,ORCL,3.82
11/30/15,2015,STD,ADBE,1.26
11/30/16,2016,STD,ADBE,2.35
11/30/17,2017,STD,ADBE,3.43
11/30/18,2018,STD,ADBE,5.28
11/30/19,2019,STD,ADBE,6.07
11/30/20,2020,STD,ADBE,10.94
11/30/21,2021,STD,ADBE,10.1
11/30/22,2022,STD,ADBE,10.13
11/30/23,2023,STD,ADBE,11.87
11/30/24,2024,STD,ADBE,12.43
12/31/15,2015,STD,PGR,
12/31/15,2015,STD,PGR,2.16
12/31/16,2016,STD,PGR,
12/31/16,2016,STD,PGR,1.77
12/31/17,2017,STD,PGR,
12/31/17,2017,STD,PGR,2.74
12/31/18,2018,STD,PGR,
12/31/18,2018,STD,PGR,4.45
12/31/19,2019,STD,PGR,
12/31/19,2019,STD,PGR,6.75
12/31/20,2020,STD,PGR,
12/31/20,2020,STD,PGR,9.71
12/31/21,2021,STD,PGR,
12/31/21,2021,STD,PGR,5.69
12/31/22,2022,STD,PGR,
12/31/22,2022,STD,PGR,1.19
12/31/23,2023,STD,PGR,
12/31/23,2023,STD,PGR,6.61
12/31/24,2024,STD,PGR,
12/31/24,2024,STD,PGR,14.45
12/31/15,2015,STD,CDNS,0.88
12/31/16,2016,STD,CDNS,0.71
12/31/17,2017,STD,CDNS,0.75
12/31/18,2018,STD,CDNS,1.26
12/31/19,2019,STD,CDNS,3.62
12/31/20,2020,STD,CDNS,2.16
12/31/21,2021,STD,CDNS,2.54
12/31/22,2022,STD,CDNS,3.13
12/31/23,2023,STD,CDNS,3.86
12/31/24,2024,STD,CDNS,3.89
12/31/15,2015,STD,ZTS,0.68
12/31/16,2016,STD,ZTS,1.66
12/31/17,2017,STD,ZTS,1.76
12/31/18,2018,STD,ZTS,2.96
12/31/19,2019,STD,ZTS,3.14
12/31/20,2020,STD,ZTS,3.44
12/31/21,2021,STD,ZTS,4.29
12/31/22,2022,STD,ZTS,4.51
12/31/23,2023,STD,ZTS,5.08
12/31/24,2024,STD,ZTS,5.47
12/31/15,2015,STD,SCHW,
12/31/15,2015,STD,SCHW,1.04
12/31/16,2016,STD,SCHW,
12/31/16,2016,STD,SCHW,1.32
12/31/17,2017,STD,SCHW,
12/31/17,2017,STD,SCHW,1.63
12/31/18,2018,STD,SCHW,
12/31/18,2018,STD,SCHW,2.47
12/31/19,2019,STD,SCHW,
12/31/19,2019,STD,SCHW,2.69
12/31/20,2020,STD,SCHW,
12/31/20,2020,STD,SCHW,2.13
12/31/21,2021,STD,SCHW,
12/31/21,2021,STD,SCHW,2.84
12/31/22,2022,STD,SCHW,
12/31/22,2022,STD,SCHW,3.52
12/31/23,2023,STD,SCHW,
12/31/23,2023,STD,SCHW,2.55
12/31/24,2024,STD,SCHW,
12/31/24,2024,STD,SCHW,3
12/31/15,2015,STD,PXD,-1.79
12/31/16,2016,STD,PXD,-3.34
12/31/17,2017,STD,PXD,4.86
12/31/18,2018,STD,PXD,5.71
12/31/19,2019,STD,PXD,4.5
12/31/20,2020,STD,PXD,-1.21
12/31/21,2021,STD,PXD,9.06
12/31/22,2022,STD,PXD,32.61
12/31/23,2023,STD,PXD,20.89
12/31/15,2015,STD,MGM,-0.82
12/31/16,2016,STD,MGM,1.94
12/31/17,2017,STD,MGM,3.39
12/31/18,2018,STD,MGM,0.82
12/31/19,2019,STD,MGM,3.9
12/31/20,2020,STD,MGM,-2.02
12/31/21,2021,STD,MGM,2.44
12/31/22,2022,STD,MGM,3.52
12/31/23,2023,STD,MGM,3.22
12/31/24,2024,STD,MGM,2.42
12/31/15,2015,STD,WRB,
12/31/15,2015,STD,WRB,4.06
12/31/16,2016,STD,WRB,
12/31/16,2016,STD,WRB,4.91
12/31/17,2017,STD,WRB,
12/31/17,2017,STD,WRB,4.4
12/31/18,2018,STD,WRB,
12/31/18,2018,STD,WRB,5.06
12/31/19,2019,STD,WRB,
12/31/19,2019,STD,WRB,3.58
12/31/20,2020,STD,WRB,
12/31/20,2020,STD,WRB,2.84
12/31/21,2021,STD,WRB,
12/31/21,2021,STD,WRB,5.53
12/31/22,2022,STD,WRB,
12/31/22,2022,STD,WRB,4.99
12/31/23,2023,STD,WRB,
12/31/23,2023,STD,WRB,5.1
12/31/24,2024,STD,WRB,
12/31/24,2024,STD,WRB,4.39
12/31/15,2015,STD,DVN,-35.55
12/31/16,2016,STD,DVN,-6.52
12/31/17,2017,STD,DVN,1.71
12/31/18,2018,STD,DVN,1.53
12/31/19,2019,STD,DVN,-0.21
12/31/20,2020,STD,DVN,-6.78
12/31/21,2021,STD,DVN,4.2
12/31/22,2022,STD,DVN,9.15
12/31/23,2023,STD,DVN,5.86
12/31/24,2024,STD,DVN,4.58
12/31/15,2015,STD,VLO,8
12/31/16,2016,STD,VLO,4.94
12/31/17,2017,STD,VLO,9.17
12/31/18,2018,STD,VLO,7.3
12/31/19,2019,STD,VLO,5.84
12/31/20,2020,STD,VLO,-3.5
12/31/21,2021,STD,VLO,2.27
12/31/22,2022,STD,VLO,29.05
12/31/23,2023,STD,VLO,24.93
12/31/24,2024,STD,VLO,8.58
12/31/15,2015,STD,ABBV,3.15
12/31/16,2016,STD,ABBV,3.65
12/31/17,2017,STD,ABBV,3.31
12/31/18,2018,STD,ABBV,3.67
12/31/19,2019,STD,ABBV,5.3
12/31/20,2020,STD,ABBV,2.73
12/31/21,2021,STD,ABBV,6.48
12/31/22,2022,STD,ABBV,6.65
12/31/23,2023,STD,ABBV,2.73
12/31/24,2024,STD,ABBV,2.4
12/31/15,2015,STD,EOG,-8.29
12/31/16,2016,STD,EOG,-1.98
12/31/17,2017,STD,EOG,4.49
12/31/18,2018,STD,EOG,5.93
12/31/19,2019,STD,EOG,4.73
12/31/20,2020,STD,EOG,-1.04
12/31/21,2021,STD,EOG,8.03
12/31/22,2022,STD,EOG,13.31
12/31/23,2023,STD,EOG,13.07
12/31/24,2024,STD,EOG,11.31
12/31/15,2015,STD,PAYC,0.37
12/31/16,2016,STD,PAYC,0.76
12/31/17,2017,STD,PAYC,1.15
12/31/18,2018,STD,PAYC,2.37
12/31/19,2019,STD,PAYC,3.14
12/31/20,2020,STD,PAYC,2.49
12/31/21,2021,STD,PAYC,3.39
12/31/22,2022,STD,PAYC,4.86
12/31/23,2023,STD,PAYC,5.91
12/31/24,2024,STD,PAYC,8.93
12/31/15,2015,STD,ANET,1.81
12/31/16,2016,STD,ANET,2.66
12/31/17,2017,STD,ANET,5.85
12/31/18,2018,STD,ANET,4.39
12/31/19,2019,STD,ANET,11.26
12/31/20,2020,STD,ANET,8.35
12/31/21,2021,STD,ANET,2.74
12/31/22,2022,STD,ANET,4.41
12/31/23,2023,STD,ANET,6.75
12/31/24,2024,STD,ANET,2.27
7/31/15,2015,STD,CSCO,1.76
7/31/16,2016,STD,CSCO,2.13
7/31/17,2017,STD,CSCO,1.92
7/31/18,2018,STD,CSCO,0.02
7/31/19,2019,STD,CSCO,2.63
7/31/20,2020,STD,CSCO,2.65
7/31/21,2021,STD,CSCO,2.51
7/31/22,2022,STD,CSCO,2.83
7/31/23,2023,STD,CSCO,3.08
7/31/24,2024,STD,CSCO,2.55
9/30/15,2015,STD,HOLX,0.47
9/30/16,2016,STD,HOLX,1.18
9/30/17,2017,STD,HOLX,2.7
9/30/18,2018,STD,HOLX,-0.4
9/30/19,2019,STD,HOLX,-0.76
9/30/20,2020,STD,HOLX,4.24
9/30/21,2021,STD,HOLX,7.28
9/30/22,2022,STD,HOLX,5.18
9/30/23,2023,STD,HOLX,1.85
9/30/24,2024,STD,HOLX,3.35
12/31/15,2015,STD,CFG,
12/31/15,2015,STD,CFG,1.55
12/31/16,2016,STD,CFG,
12/31/16,2016,STD,CFG,1.97
12/31/17,2017,STD,CFG,
12/31/17,2017,STD,CFG,3.26
12/31/18,2018,STD,CFG,
12/31/18,2018,STD,CFG,3.54
12/31/19,2019,STD,CFG,
12/31/19,2019,STD,CFG,3.82
12/31/20,2020,STD,CFG,
12/31/20,2020,STD,CFG,2.22
12/31/21,2021,STD,CFG,
12/31/21,2021,STD,CFG,5.18
12/31/22,2022,STD,CFG,
12/31/22,2022,STD,CFG,4.12
12/31/23,2023,STD,CFG,
12/31/23,2023,STD,CFG,3.14
12/31/24,2024,STD,CFG,
12/31/24,2024,STD,CFG,3.05
12/31/15,2015,STD,HCA,5.14
12/31/16,2016,STD,HCA,7.53
12/31/17,2017,STD,HCA,6.12
12/31/18,2018,STD,HCA,10.9
12/31/19,2019,STD,HCA,10.27
12/31/20,2020,STD,HCA,11.1
12/31/21,2021,STD,HCA,21.52
12/31/22,2022,STD,HCA,19.43
12/31/23,2023,STD,HCA,19.25
12/31/24,2024,STD,HCA,22.27
8/31/15,2015,STD,AZO,36.76
8/31/16,2016,STD,AZO,41.52
8/31/17,2017,STD,AZO,45.05
8/31/18,2018,STD,AZO,49.59
8/31/19,2019,STD,AZO,64.78
8/31/20,2020,STD,AZO,73.62
8/31/21,2021,STD,AZO,97.6
8/31/22,2022,STD,AZO,120.83
8/31/23,2023,STD,AZO,136.6
8/31/24,2024,STD,AZO,153.82
12/31/15,2015,STD,REGN,6.17
12/31/16,2016,STD,REGN,8.55
12/31/17,2017,STD,REGN,11.27
12/31/18,2018,STD,REGN,22.65
12/31/19,2019,STD,REGN,19.38
12/31/20,2020,STD,REGN,32.65
12/31/21,2021,STD,REGN,76.4
12/31/22,2022,STD,REGN,40.51
12/31/23,2023,STD,REGN,37.05
12/31/24,2024,STD,REGN,40.9
12/31/15,2015,STD,IDXX,2.07
12/31/16,2016,STD,IDXX,2.47
12/31/17,2017,STD,IDXX,3
12/31/18,2018,STD,IDXX,4.34
12/31/19,2019,STD,IDXX,4.97
12/31/20,2020,STD,IDXX,6.82
12/31/21,2021,STD,IDXX,8.74
12/31/22,2022,STD,IDXX,8.12
12/31/23,2023,STD,IDXX,10.17
12/31/24,2024,STD,IDXX,10.77
12/31/15,2015,STD,AES,0.45
12/31/16,2016,STD,AES,0
12/31/17,2017,STD,AES,-0.77
12/31/18,2018,STD,AES,1.49
12/31/19,2019,STD,AES,0.46
12/31/20,2020,STD,AES,0.06
12/31/21,2021,STD,AES,-0.62
12/31/22,2022,STD,AES,-0.82
12/31/23,2023,STD,AES,0.36
12/31/24,2024,STD,AES,2.39
9/30/15,2015,STD,QCOM,3.26
9/30/16,2016,STD,QCOM,3.84
9/30/17,2017,STD,QCOM,1.67
9/30/18,2018,STD,QCOM,-3.32
9/30/19,2019,STD,QCOM,3.63
9/30/20,2020,STD,QCOM,4.58
9/30/21,2021,STD,QCOM,7.99
9/30/22,2022,STD,QCOM,11.56
9/30/23,2023,STD,QCOM,6.57
9/30/24,2024,STD,QCOM,9.06
12/31/15,2015,STD,GILD,12.37
12/31/16,2016,STD,GILD,10.08
12/31/17,2017,STD,GILD,3.54
12/31/18,2018,STD,GILD,4.2
12/31/19,2019,STD,GILD,4.24
12/31/20,2020,STD,GILD,0.1
12/31/21,2021,STD,GILD,4.96
12/31/22,2022,STD,GILD,3.66
12/31/23,2023,STD,GILD,4.54
12/31/24,2024,STD,GILD,0.38
12/31/15,2015,STD,ROP,6.92
12/31/16,2016,STD,ROP,6.5
12/31/17,2017,STD,ROP,9.51
12/31/18,2018,STD,ROP,9.15
12/31/19,2019,STD,ROP,17.02
12/31/20,2020,STD,ROP,9.08
12/31/21,2021,STD,ROP,9.33
12/31/22,2022,STD,ROP,9.31
12/31/23,2023,STD,ROP,12.83
12/31/24,2024,STD,ROP,14.47
10/31/15,2015,STD,SNPS,1.46
10/31/16,2016,STD,SNPS,1.76
10/31/17,2017,STD,SNPS,0.91
10/31/18,2018,STD,SNPS,2.9
10/31/19,2019,STD,SNPS,3.55
10/31/20,2020,STD,SNPS,4.4
10/31/21,2021,STD,SNPS,4.96
10/31/22,2022,STD,SNPS,6.44
10/31/23,2023,STD,SNPS,8.08
10/31/24,2024,STD,SNPS,9.41
12/31/15,2015,STD,LIN,5.39
12/31/16,2016,STD,LIN,5.25
12/31/17,2017,STD,LIN,4.36
12/31/18,2018,STD,LIN,12.93
12/31/19,2019,STD,LIN,4.03
12/31/20,2020,STD,LIN,4.74
12/31/21,2021,STD,LIN,7.39
12/31/22,2022,STD,LIN,8.3
12/31/23,2023,STD,LIN,12.7
12/31/24,2024,STD,LIN,13.71
12/31/15,2015,STD,BSX,-0.18
12/31/16,2016,STD,BSX,0.26
12/31/17,2017,STD,BSX,0.08
12/31/18,2018,STD,BSX,1.21
12/31/19,2019,STD,BSX,3.38
12/31/20,2020,STD,BSX,-0.08
12/31/21,2021,STD,BSX,0.69
12/31/22,2022,STD,BSX,0.45
12/31/23,2023,STD,BSX,1.08
12/31/24,2024,STD,BSX,1.26
9/30/15,2015,STD,DHI,2.05
9/30/16,2016,STD,DHI,2.39
9/30/17,2017,STD,DHI,2.77
9/30/18,2018,STD,DHI,3.88
9/30/19,2019,STD,DHI,4.34
9/30/20,2020,STD,DHI,6.49
9/30/21,2021,STD,DHI,11.56
9/30/22,2022,STD,DHI,16.65
9/30/23,2023,STD,DHI,13.93
9/30/24,2024,STD,DHI,14.44
12/31/15,2015,STD,TTD,0.42
12/31/16,2016,STD,TTD,0.53
12/31/17,2017,STD,TTD,1.26
12/31/18,2018,STD,TTD,2.08
12/31/19,2019,STD,TTD,2.43
12/31/20,2020,STD,TTD,5.24
12/31/21,2021,STD,TTD,0.29
12/31/22,2022,STD,TTD,0.11
12/31/23,2023,STD,TTD,0.37
12/31/24,2024,STD,TTD,0.8
7/31/15,2015,STD,INTU,1.47
7/31/16,2016,STD,INTU,3.08
7/31/17,2017,STD,INTU,3.78
7/31/18,2018,STD,INTU,4.72
7/31/19,2019,STD,INTU,5.99
7/31/20,2020,STD,INTU,6.99
7/31/21,2021,STD,INTU,7.65
7/31/22,2022,STD,INTU,7.38
7/31/23,2023,STD,INTU,8.49
7/31/24,2024,STD,INTU,10.58
12/31/15,2015,STD,CB,
12/31/15,2015,STD,CB,8.71
12/31/16,2016,STD,CB,
12/31/16,2016,STD,CB,8.94
12/31/17,2017,STD,CB,
12/31/17,2017,STD,CB,8.26
12/31/18,2018,STD,CB,
12/31/18,2018,STD,CB,8.55
12/31/19,2019,STD,CB,
12/31/19,2019,STD,CB,9.77
12/31/20,2020,STD,CB,
12/31/20,2020,STD,CB,7.82
12/31/21,2021,STD,CB,
12/31/21,2021,STD,CB,19.41
12/31/22,2022,STD,CB,
12/31/22,2022,STD,CB,12.66
12/31/23,2023,STD,CB,
12/31/23,2023,STD,CB,21.97
12/31/24,2024,STD,CB,
12/31/24,2024,STD,CB,22.94
12/31/15,2015,STD,ORLY,9.32
12/31/16,2016,STD,ORLY,10.87
12/31/17,2017,STD,ORLY,12.82
12/31/18,2018,STD,ORLY,16.27
12/31/19,2019,STD,ORLY,18.07
12/31/20,2020,STD,ORLY,23.74
12/31/21,2021,STD,ORLY,31.39
12/31/22,2022,STD,ORLY,33.75
12/31/23,2023,STD,ORLY,38.8
12/31/24,2024,STD,ORLY,40.91
12/31/15,2015,STD,RCL,3.03
12/31/16,2016,STD,RCL,5.96
12/31/17,2017,STD,RCL,7.57
12/31/18,2018,STD,RCL,8.6
12/31/19,2019,STD,RCL,8.97
12/31/20,2020,STD,RCL,-27.05
12/31/21,2021,STD,RCL,-20.89
12/31/22,2022,STD,RCL,-8.45
12/31/23,2023,STD,RCL,6.63
12/31/24,2024,STD,RCL,11
12/31/15,2015,STD,HWM,-0.54
12/31/16,2016,STD,HWM,-2.58
12/31/17,2017,STD,HWM,-0.28
12/31/18,2018,STD,HWM,1.33
12/31/19,2019,STD,HWM,1.05
12/31/20,2020,STD,HWM,0.48
12/31/21,2021,STD,HWM,0.6
12/31/22,2022,STD,HWM,1.12
12/31/23,2023,STD,HWM,1.85
12/31/24,2024,STD,HWM,2.83
12/31/15,2015,STD,ALL,
12/31/15,2015,STD,ALL,5.12
12/31/16,2016,STD,ALL,
12/31/16,2016,STD,ALL,4.72
12/31/17,2017,STD,ALL,
12/31/17,2017,STD,ALL,8.49
12/31/18,2018,STD,ALL,
12/31/18,2018,STD,ALL,6.05
12/31/19,2019,STD,ALL,
12/31/19,2019,STD,ALL,14.25
12/31/20,2020,STD,ALL,
12/31/20,2020,STD,ALL,17.53
12/31/21,2021,STD,ALL,
12/31/21,2021,STD,ALL,17.23
12/31/22,2022,STD,ALL,
12/31/22,2022,STD,ALL,-5.22
12/31/23,2023,STD,ALL,
12/31/23,2023,STD,ALL,-1.2
12/31/24,2024,STD,ALL,
12/31/24,2024,STD,ALL,17.22
12/31/15,2015,STD,MAR,3.22
12/31/16,2016,STD,MAR,2.68
12/31/17,2017,STD,MAR,3.66
12/31/18,2018,STD,MAR,5.45
12/31/19,2019,STD,MAR,3.83
12/31/20,2020,STD,MAR,-0.82
12/31/21,2021,STD,MAR,3.36
12/31/22,2022,STD,MAR,7.27
12/31/23,2023,STD,MAR,10.23
12/31/24,2024,STD,MAR,8.36
8/31/15,2015,STD,COST,5.41
8/31/16,2016,STD,COST,5.36
8/31/17,2017,STD,COST,6.11
8/31/18,2018,STD,COST,7.15
8/31/19,2019,STD,COST,8.32
8/31/20,2020,STD,COST,9.05
8/31/21,2021,STD,COST,11.3
8/31/22,2022,STD,COST,13.17
8/31/23,2023,STD,COST,14.18
8/31/24,2024,STD,COST,16.59
12/31/15,2015,STD,TSCO,3.03
12/31/16,2016,STD,TSCO,3.29
12/31/17,2017,STD,TSCO,3.31
12/31/18,2018,STD,TSCO,4.34
12/31/19,2019,STD,TSCO,4.7
12/31/20,2020,STD,TSCO,6.44
12/31/21,2021,STD,TSCO,8.69
12/31/22,2022,STD,TSCO,9.78
12/31/23,2023,STD,TSCO,10.15
12/31/24,2024,STD,TSCO,2.05
12/31/15,2015,STD,PLD,
12/31/15,2015,STD,PLD,1.66
12/31/16,2016,STD,PLD,
12/31/16,2016,STD,PLD,2.29
12/31/17,2017,STD,PLD,
12/31/17,2017,STD,PLD,3.1
12/31/18,2018,STD,PLD,
12/31/18,2018,STD,PLD,2.9
12/31/19,2019,STD,PLD,
12/31/19,2019,STD,PLD,2.48
12/31/20,2020,STD,PLD,
12/31/20,2020,STD,PLD,2.02
12/31/21,2021,STD,PLD,
12/31/21,2021,STD,PLD,3.97
12/31/22,2022,STD,PLD,
12/31/22,2022,STD,PLD,4.28
12/31/23,2023,STD,PLD,
12/31/23,2023,STD,PLD,3.3
12/31/24,2024,STD,PLD,
12/31/24,2024,STD,PLD,4.02
12/31/15,2015,STD,IR,-1.85
12/31/16,2016,STD,IR,-0.19
12/31/17,2017,STD,IR,0.09
12/31/18,2018,STD,IR,1.34
12/31/19,2019,STD,IR,0.78
12/31/20,2020,STD,IR,-0.09
12/31/21,2021,STD,IR,1.26
12/31/22,2022,STD,IR,1.45
12/31/23,2023,STD,IR,1.92
12/31/24,2024,STD,IR,2.08
12/31/15,2015,STD,COF,
12/31/15,2015,STD,COF,7.08
12/31/16,2016,STD,COF,
12/31/16,2016,STD,COF,7
12/31/17,2017,STD,COF,
12/31/17,2017,STD,COF,3.8
12/31/18,2018,STD,COF,
12/31/18,2018,STD,COF,11.92
12/31/19,2019,STD,COF,
12/31/19,2019,STD,COF,11.07
12/31/20,2020,STD,COF,
12/31/20,2020,STD,COF,5.2
12/31/21,2021,STD,COF,
12/31/21,2021,STD,COF,27.05
12/31/22,2022,STD,COF,
12/31/22,2022,STD,COF,17.98
12/31/23,2023,STD,COF,
12/31/23,2023,STD,COF,11.98
12/31/24,2024,STD,COF,
12/31/24,2024,STD,COF,11.6
1/31/15,2014,STD,DLTR,2.91
1/31/16,2015,STD,DLTR,1.27
1/31/17,2016,STD,DLTR,3.8
1/31/18,2017,STD,DLTR,7.24
1/31/19,2018,STD,DLTR,-6.69
1/31/20,2019,STD,DLTR,3.49
1/31/21,2020,STD,DLTR,5.68
1/31/22,2021,STD,DLTR,5.83
1/31/23,2022,STD,DLTR,7.24
1/31/24,2023,STD,DLTR,-4.55
5/31/15,2014,STD,DRI,1.54
5/31/16,2015,STD,DRI,2.82
5/31/17,2016,STD,DRI,3.88
5/31/18,2017,STD,DRI,4.87
5/31/19,2018,STD,DRI,5.82
5/31/20,2019,STD,DRI,-0.4
5/31/21,2020,STD,DRI,4.85
5/31/22,2021,STD,DRI,7.47
5/31/23,2022,STD,DRI,8.07
5/31/24,2023,STD,DRI,8.59
12/31/15,2015,STD,BKR,
12/31/16,2016,STD,BKR,
12/31/17,2017,STD,BKR,-0.17
12/31/18,2018,STD,BKR,0.46
12/31/19,2019,STD,BKR,0.23
12/31/20,2020,STD,BKR,-14.73
12/31/21,2021,STD,BKR,-0.27
12/31/22,2022,STD,BKR,-0.61
12/31/23,2023,STD,BKR,1.93
12/31/24,2024,STD,BKR,3
12/31/20,2020,STD,CEG,
12/31/21,2021,STD,CEG,
12/31/22,2022,STD,CEG,-0.49
12/31/23,2023,STD,CEG,5.02
12/31/24,2024,STD,CEG,11.91
12/31/15,2015,STD,TRV,
12/31/15,2015,STD,TRV,10.99
12/31/16,2016,STD,TRV,
12/31/16,2016,STD,TRV,10.39
12/31/17,2017,STD,TRV,
12/31/17,2017,STD,TRV,7.39
12/31/18,2018,STD,TRV,
12/31/18,2018,STD,TRV,9.37
12/31/19,2019,STD,TRV,
12/31/19,2019,STD,TRV,10.01
12/31/20,2020,STD,TRV,
12/31/20,2020,STD,TRV,10.56
12/31/21,2021,STD,TRV,
12/31/21,2021,STD,TRV,14.63
12/31/22,2022,STD,TRV,
12/31/22,2022,STD,TRV,11.91
12/31/23,2023,STD,TRV,
12/31/23,2023,STD,TRV,12.93
12/31/24,2024,STD,TRV,
12/31/24,2024,STD,TRV,21.76
12/31/15,2015,STD,AMZN,1.28
12/31/16,2016,STD,AMZN,5.01
12/31/17,2017,STD,AMZN,6.32
12/31/18,2018,STD,AMZN,20.68
12/31/19,2019,STD,AMZN,23.46
12/31/20,2020,STD,AMZN,42.64
12/31/21,2021,STD,AMZN,65.96
12/31/22,2022,STD,AMZN,-0.27
12/31/23,2023,STD,AMZN,2.95
12/31/24,2024,STD,AMZN,5.66
12/31/15,2015,STD,YUM,2.97
12/31/16,2016,STD,YUM,2.52
12/31/17,2017,STD,YUM,3.86
12/31/18,2018,STD,YUM,4.8
12/31/19,2019,STD,YUM,4.23
12/31/20,2020,STD,YUM,2.99
12/31/21,2021,STD,YUM,5.3
12/31/22,2022,STD,YUM,4.63
12/31/23,2023,STD,YUM,5.68
12/31/24,2024,STD,YUM,5.28
12/31/15,2015,STD,PWR,0.62
12/31/16,2016,STD,PWR,1.26
12/31/17,2017,STD,PWR,2.02
12/31/18,2018,STD,PWR,1.92
12/31/19,2019,STD,PWR,2.76
12/31/20,2020,STD,PWR,3.15
12/31/21,2021,STD,PWR,3.45
12/31/22,2022,STD,PWR,3.42
12/31/23,2023,STD,PWR,5.13
12/31/24,2024,STD,PWR,6.16
12/31/15,2015,STD,RSG,2.14
12/31/16,2016,STD,RSG,1.79
12/31/17,2017,STD,RSG,3.79
12/31/18,2018,STD,RSG,3.17
12/31/19,2019,STD,RSG,3.34
12/31/20,2020,STD,RSG,3.03
12/31/21,2021,STD,RSG,4.05
12/31/22,2022,STD,RSG,4.7
12/31/23,2023,STD,RSG,5.47
12/31/24,2024,STD,RSG,6.5
12/31/15,2015,STD,GS,
12/31/15,2015,STD,GS,12.35
12/31/16,2016,STD,GS,
12/31/16,2016,STD,GS,16.53
12/31/17,2017,STD,GS,
12/31/17,2017,STD,GS,9.12
12/31/18,2018,STD,GS,
12/31/18,2018,STD,GS,25.53
12/31/19,2019,STD,GS,
12/31/19,2019,STD,GS,21.18
12/31/20,2020,STD,GS,
12/31/20,2020,STD,GS,24.94
12/31/21,2021,STD,GS,
12/31/21,2021,STD,GS,60.25
12/31/22,2022,STD,GS,
12/31/22,2022,STD,GS,30.42
12/31/23,2023,STD,GS,
12/31/23,2023,STD,GS,23.05
12/31/24,2024,STD,GS,
12/31/24,2024,STD,GS,41.07
1/31/15,2014,STD,NVDA,1.14
1/31/16,2015,STD,NVDA,1.13
1/31/17,2016,STD,NVDA,3.08
1/31/18,2017,STD,NVDA,5.09
1/31/19,2018,STD,NVDA,6.81
1/31/20,2019,STD,NVDA,4.59
1/31/21,2020,STD,NVDA,7.02
1/31/22,2021,STD,NVDA,3.91
1/31/23,2022,STD,NVDA,1.76
1/31/24,2023,STD,NVDA,12.05
12/31/15,2015,STD,BKNG,50.09
12/31/16,2016,STD,BKNG,43.14
12/31/17,2017,STD,BKNG,47.78
12/31/18,2018,STD,BKNG,84.26
12/31/19,2019,STD,BKNG,112.93
12/31/20,2020,STD,BKNG,1.45
12/31/21,2021,STD,BKNG,28.39
12/31/22,2022,STD,BKNG,76.7
12/31/23,2023,STD,BKNG,118.67
12/31/24,2024,STD,BKNG,174.96
12/31/15,2015,STD,BLK,
12/31/15,2015,STD,BLK,20.1
12/31/16,2016,STD,BLK,
12/31/16,2016,STD,BLK,19.29
12/31/17,2017,STD,BLK,
12/31/17,2017,STD,BLK,30.65
12/31/18,2018,STD,BLK,
12/31/18,2018,STD,BLK,26.86
12/31/19,2019,STD,BLK,
12/31/19,2019,STD,BLK,28.69
12/31/20,2020,STD,BLK,
12/31/20,2020,STD,BLK,32.13
12/31/21,2021,STD,BLK,
12/31/21,2021,STD,BLK,38.76
12/31/22,2022,STD,BLK,
12/31/22,2022,STD,BLK,34.31
12/31/23,2023,STD,BLK,
12/31/23,2023,STD,BLK,36.85
12/31/24,2024,STD,BLK,
12/31/24,2024,STD,BLK,42.45
12/31/15,2015,STD,CHTR,-2.43
12/31/16,2016,STD,CHTR,17.05
12/31/17,2017,STD,CHTR,38.55
12/31/18,2018,STD,CHTR,5.29
12/31/19,2019,STD,CHTR,7.6
12/31/20,2020,STD,CHTR,15.85
12/31/21,2021,STD,CHTR,25.34
12/31/22,2022,STD,CHTR,31.3
12/31/23,2023,STD,CHTR,30.54
12/31/24,2024,STD,CHTR,35.53
12/31/15,2015,STD,ISRG,15.87
12/31/16,2016,STD,ISRG,19.21
12/31/17,2017,STD,ISRG,5.91
12/31/18,2018,STD,ISRG,9.92
12/31/19,2019,STD,ISRG,11.95
12/31/20,2020,STD,ISRG,9.06
12/31/21,2021,STD,ISRG,4.79
12/31/22,2022,STD,ISRG,3.72
12/31/23,2023,STD,ISRG,5.12
12/31/24,2024,STD,ISRG,6.54
12/31/15,2015,STD,EQIX,3.25
12/31/16,2016,STD,EQIX,1.63
12/31/17,2017,STD,EQIX,3.03
12/31/18,2018,STD,EQIX,4.58
12/31/19,2019,STD,EQIX,6.03
12/31/20,2020,STD,EQIX,4.22
12/31/21,2021,STD,EQIX,5.57
12/31/22,2022,STD,EQIX,7.69
12/31/23,2023,STD,EQIX,10.35
12/31/24,2024,STD,EQIX,8.54
12/31/15,2015,STD,MCO,4.7
12/31/16,2016,STD,MCO,1.38
12/31/17,2017,STD,MCO,5.24
12/31/18,2018,STD,MCO,6.84
12/31/19,2019,STD,MCO,7.51
12/31/20,2020,STD,MCO,9.48
12/31/21,2021,STD,MCO,11.88
12/31/22,2022,STD,MCO,7.47
12/31/23,2023,STD,MCO,8.77
12/31/24,2024,STD,MCO,11.32
12/31/15,2015,STD,MDLZ,4.49
12/31/16,2016,STD,MDLZ,1.07
12/31/17,2017,STD,MDLZ,1.93
12/31/18,2018,STD,MDLZ,2.3
12/31/19,2019,STD,MDLZ,2.68
12/31/20,2020,STD,MDLZ,2.48
12/31/21,2021,STD,MDLZ,3.06
12/31/22,2022,STD,MDLZ,1.97
12/31/23,2023,STD,MDLZ,3.64
12/31/24,2024,STD,MDLZ,3.44
8/31/15,2015,STD,ACN,4.87
8/31/16,2016,STD,ACN,6.58
8/31/17,2017,STD,ACN,5.56
8/31/18,2018,STD,ACN,6.46
8/31/19,2019,STD,ACN,7.49
8/31/20,2020,STD,ACN,8.03
8/31/21,2021,STD,ACN,9.31
8/31/22,2022,STD,ACN,10.87
8/31/23,2023,STD,ACN,10.9
8/31/24,2024,STD,ACN,11.57
12/31/15,2015,STD,AXON,0.37
12/31/16,2016,STD,AXON,0.33
12/31/17,2017,STD,AXON,0.1
12/31/18,2018,STD,AXON,0.52
12/31/19,2019,STD,AXON,0.01
12/31/20,2020,STD,AXON,-0.03
12/31/21,2021,STD,AXON,-0.91
12/31/22,2022,STD,AXON,2.07
12/31/23,2023,STD,AXON,2.35
12/31/24,2024,STD,AXON,4.98
12/31/15,2015,STD,ZBH,0.78
12/31/16,2016,STD,ZBH,1.53
12/31/17,2017,STD,ZBH,8.98
12/31/18,2018,STD,ZBH,-1.86
12/31/19,2019,STD,ZBH,5.52
12/31/20,2020,STD,ZBH,-0.67
12/31/21,2021,STD,ZBH,1.93
12/31/22,2022,STD,ZBH,1.38
12/31/23,2023,STD,ZBH,4.91
12/31/24,2024,STD,ZBH,4.45
12/31/15,2015,STD,ELV,
12/31/15,2015,STD,ELV,9.73
12/31/16,2016,STD,ELV,
12/31/16,2016,STD,ELV,9.39
12/31/17,2017,STD,ELV,
12/31/17,2017,STD,ELV,14.7
12/31/18,2018,STD,ELV,
12/31/18,2018,STD,ELV,14.53
12/31/19,2019,STD,ELV,
12/31/19,2019,STD,ELV,18.81
12/31/20,2020,STD,ELV,
12/31/20,2020,STD,ELV,18.23
12/31/21,2021,STD,ELV,
12/31/21,2021,STD,ELV,25.04
12/31/22,2022,STD,ELV,
12/31/22,2022,STD,ELV,25.1
12/31/23,2023,STD,ELV,
12/31/23,2023,STD,ELV,25.38
12/31/24,2024,STD,ELV,
12/31/24,2024,STD,ELV,25.81
12/31/15,2015,STD,NFLX,0.29
12/31/16,2016,STD,NFLX,0.44
12/31/17,2017,STD,NFLX,1.29
12/31/18,2018,STD,NFLX,2.78
12/31/19,2019,STD,NFLX,4.26
12/31/20,2020,STD,NFLX,6.26
12/31/21,2021,STD,NFLX,11.55
12/31/22,2022,STD,NFLX,10.1
12/31/23,2023,STD,NFLX,12.25
12/31/24,2024,STD,NFLX,20.28
12/31/15,2015,STD,CME,
12/31/15,2015,STD,CME,3.71
12/31/16,2016,STD,CME,
12/31/16,2016,STD,CME,4.55
12/31/17,2017,STD,CME,
12/31/17,2017,STD,CME,12
12/31/18,2018,STD,CME,
12/31/18,2018,STD,CME,5.73
12/31/19,2019,STD,CME,
12/31/19,2019,STD,CME,5.93
12/31/20,2020,STD,CME,
12/31/20,2020,STD,CME,5.88
12/31/21,2021,STD,CME,
12/31/21,2021,STD,CME,7.3
12/31/22,2022,STD,CME,
12/31/22,2022,STD,CME,7.41
12/31/23,2023,STD,CME,
12/31/23,2023,STD,CME,8.87
12/31/24,2024,STD,CME,
12/31/24,2024,STD,CME,9.69
1/31/15,2014,STD,CRM,-0.42
1/31/16,2015,STD,CRM,-0.07
1/31/17,2016,STD,CRM,0.26
1/31/18,2017,STD,CRM,0.18
1/31/19,2018,STD,CRM,1.48
1/31/20,2019,STD,CRM,0.15
1/31/21,2020,STD,CRM,4.48
1/31/22,2021,STD,CRM,1.51
1/31/23,2022,STD,CRM,0.21
1/31/24,2023,STD,CRM,4.25
12/31/15,2015,STD,MA,
12/31/15,2015,STD,MA,3.36
12/31/16,2016,STD,MA,
12/31/16,2016,STD,MA,3.7
12/31/17,2017,STD,MA,
12/31/17,2017,STD,MA,3.67
12/31/18,2018,STD,MA,
12/31/18,2018,STD,MA,5.63
12/31/19,2019,STD,MA,
12/31/19,2019,STD,MA,7.98
12/31/20,2020,STD,MA,
12/31/20,2020,STD,MA,6.4
12/31/21,2021,STD,MA,
12/31/21,2021,STD,MA,8.79
12/31/22,2022,STD,MA,
12/31/22,2022,STD,MA,10.26
12/31/23,2023,STD,MA,
12/31/23,2023,STD,MA,11.86
12/31/24,2024,STD,MA,
12/31/24,2024,STD,MA,13.91
12/31/15,2015,STD,GOOGL,23.12
12/31/16,2016,STD,GOOGL,28.32
12/31/17,2017,STD,GOOGL,18.27
12/31/18,2018,STD,GOOGL,44.22
12/31/19,2019,STD,GOOGL,49.59
12/31/20,2020,STD,GOOGL,59.15
12/31/21,2021,STD,GOOGL,113.88
12/31/22,2022,STD,GOOGL,4.59
12/31/23,2023,STD,GOOGL,5.84
12/31/24,2024,STD,GOOGL,8.13
12/31/15,2015,STD,LVS,2.47
12/31/16,2016,STD,LVS,2.1
12/31/17,2017,STD,LVS,3.54
12/31/18,2018,STD,LVS,3.07
12/31/19,2019,STD,LVS,3.5
12/31/20,2020,STD,LVS,-2.21
12/31/21,2021,STD,LVS,-1.51
12/31/22,2022,STD,LVS,-1.4
12/31/23,2023,STD,LVS,1.6
12/31/24,2024,STD,LVS,1.97
12/31/15,2015,STD,MOS,2.79
12/31/16,2016,STD,MOS,0.85
12/31/17,2017,STD,MOS,-0.31
12/31/18,2018,STD,MOS,1.22
12/31/19,2019,STD,MOS,-2.78
12/31/20,2020,STD,MOS,1.76
12/31/21,2021,STD,MOS,4.31
12/31/22,2022,STD,MOS,10.17
12/31/23,2023,STD,MOS,3.52
12/31/24,2024,STD,MOS,0.55
12/31/15,2015,STD,ICE,
12/31/15,2015,STD,ICE,11.45
12/31/16,2016,STD,ICE,
12/31/16,2016,STD,ICE,2.39
12/31/17,2017,STD,ICE,
12/31/17,2017,STD,ICE,4.27
12/31/18,2018,STD,ICE,
12/31/18,2018,STD,ICE,3.46
12/31/19,2019,STD,ICE,
12/31/19,2019,STD,ICE,3.44
12/31/20,2020,STD,ICE,
12/31/20,2020,STD,ICE,3.79
12/31/21,2021,STD,ICE,
12/31/21,2021,STD,ICE,7.22
12/31/22,2022,STD,ICE,
12/31/22,2022,STD,ICE,2.59
12/31/23,2023,STD,ICE,
12/31/23,2023,STD,ICE,4.2
12/31/24,2024,STD,ICE,
12/31/24,2024,STD,ICE,4.8
12/31/15,2015,STD,CF,2.97
12/31/16,2016,STD,CF,-1.19
12/31/17,2017,STD,CF,1.53
12/31/18,2018,STD,CF,1.25
12/31/19,2019,STD,CF,2.24
12/31/20,2020,STD,CF,1.48
12/31/21,2021,STD,CF,4.27
12/31/22,2022,STD,CF,16.45
12/31/23,2023,STD,CF,7.89
12/31/24,2024,STD,CF,6.75
12/31/15,2015,STD,FIS,2.24
12/31/16,2016,STD,FIS,1.74
12/31/17,2017,STD,FIS,4
12/31/18,2018,STD,FIS,2.58
12/31/19,2019,STD,FIS,0.67
12/31/20,2020,STD,FIS,0.26
12/31/21,2021,STD,FIS,0.68
12/31/22,2022,STD,FIS,-27.68
12/31/23,2023,STD,FIS,0.85
12/31/24,2024,STD,FIS,1.42
12/31/15,2015,STD,META,1.31
12/31/16,2016,STD,META,3.56
12/31/17,2017,STD,META,5.49
12/31/18,2018,STD,META,7.65
12/31/19,2019,STD,META,6.48
12/31/20,2020,STD,META,10.22
12/31/21,2021,STD,META,13.99
12/31/22,2022,STD,META,8.63
12/31/23,2023,STD,META,15.19
12/31/24,2024,STD,META,24.61
12/31/15,2015,STD,NOW,-1.27
12/31/16,2016,STD,NOW,-2.75
12/31/17,2017,STD,NOW,-0.87
12/31/18,2018,STD,NOW,-0.15
12/31/19,2019,STD,NOW,3.36
12/31/20,2020,STD,NOW,0.61
12/31/21,2021,STD,NOW,1.16
12/31/22,2022,STD,NOW,1.61
12/31/23,2023,STD,NOW,8.48
12/31/24,2024,STD,NOW,6.92
7/31/15,2015,STD,PANW,-2.02
7/31/16,2016,STD,PANW,-2.59
7/31/17,2017,STD,PANW,-2.39
7/31/18,2018,STD,PANW,-1.61
7/31/19,2019,STD,PANW,-0.87
7/31/20,2020,STD,PANW,-2.76
7/31/21,2021,STD,PANW,-5.18
7/31/22,2022,STD,PANW,-2.71
7/31/23,2023,STD,PANW,1.45
7/31/24,2024,STD,PANW,8.07
12/31/15,2015,STD,MSCI,2.11
12/31/16,2016,STD,MSCI,2.72
12/31/17,2017,STD,MSCI,3.36
12/31/18,2018,STD,MSCI,5.83
12/31/19,2019,STD,MSCI,6.66
12/31/20,2020,STD,MSCI,7.19
12/31/21,2021,STD,MSCI,8.8
12/31/22,2022,STD,MSCI,10.78
12/31/23,2023,STD,MSCI,14.45
12/31/24,2024,STD,MSCI,14.09
12/31/15,2015,STD,AWK,2.66
12/31/16,2016,STD,AWK,2.63
12/31/17,2017,STD,AWK,2.39
12/31/18,2018,STD,AWK,3.16
12/31/19,2019,STD,AWK,3.44
12/31/20,2020,STD,AWK,3.91
12/31/21,2021,STD,AWK,6.96
12/31/22,2022,STD,AWK,4.51
12/31/23,2023,STD,AWK,4.9
12/31/24,2024,STD,AWK,5.39
9/30/15,2015,STD,V,
9/30/15,2015,STD,V,2.58
9/30/16,2016,STD,V,
9/30/16,2016,STD,V,2.48
9/30/17,2017,STD,V,
9/30/17,2017,STD,V,2.8
9/30/18,2018,STD,V,
9/30/18,2018,STD,V,4.43
9/30/19,2019,STD,V,
9/30/19,2019,STD,V,5.32
9/30/20,2020,STD,V,
9/30/20,2020,STD,V,4.9
9/30/21,2021,STD,V,
9/30/21,2021,STD,V,5.63
9/30/22,2022,STD,V,
9/30/22,2022,STD,V,7.01
9/30/23,2023,STD,V,
9/30/23,2023,STD,V,8.29
9/30/24,2024,STD,V,
9/30/24,2024,STD,V,9.74
12/31/15,2015,STD,PM,4.42
12/31/16,2016,STD,PM,4.48
12/31/17,2017,STD,PM,3.88
12/31/18,2018,STD,PM,5.08
12/31/19,2019,STD,PM,4.61
12/31/20,2020,STD,PM,5.16
12/31/21,2021,STD,PM,5.83
12/31/22,2022,STD,PM,5.82
12/31/23,2023,STD,PM,5.02
12/31/24,2024,STD,PM,4.53
12/31/15,2015,STD,VRSK,3.07
12/31/16,2016,STD,VRSK,2.68
12/31/17,2017,STD,VRSK,3.36
12/31/18,2018,STD,VRSK,3.63
12/31/19,2019,STD,VRSK,2.75
12/31/20,2020,STD,VRSK,4.38
12/31/21,2021,STD,VRSK,4.12
12/31/22,2022,STD,VRSK,6.6
12/31/23,2023,STD,VRSK,5.24
12/31/24,2024,STD,VRSK,6.69
10/31/15,2015,STD,AVGO,5.27
10/31/16,2016,STD,AVGO,-4.46
10/31/17,2017,STD,AVGO,4.19
10/31/18,2018,STD,AVGO,29.37
10/31/19,2019,STD,AVGO,6.8
10/31/20,2020,STD,AVGO,6.62
10/31/21,2021,STD,AVGO,15.7
10/31/22,2022,STD,AVGO,27.44
10/31/23,2023,STD,AVGO,33.93
10/31/24,2024,STD,AVGO,1.33
12/31/15,2015,STD,TSLA,-6.93
12/31/16,2016,STD,TSLA,-4.68
12/31/17,2017,STD,TSLA,-11.83
12/31/18,2018,STD,TSLA,-5.72
12/31/19,2019,STD,TSLA,-4.92
12/31/20,2020,STD,TSLA,0.74
12/31/21,2021,STD,TSLA,5.6
12/31/22,2022,STD,TSLA,4.02
12/31/23,2023,STD,TSLA,4.73
12/31/24,2024,STD,TSLA,2.23
12/31/15,2015,STD,LYB,9.63
12/31/16,2016,STD,LYB,9.17
12/31/17,2017,STD,LYB,12.28
12/31/18,2018,STD,LYB,12.06
12/31/19,2019,STD,LYB,9.61
12/31/20,2020,STD,LYB,4.25
12/31/21,2021,STD,LYB,16.79
12/31/22,2022,STD,LYB,11.86
12/31/23,2023,STD,LYB,6.5
12/31/24,2024,STD,LYB,4.15